Player,Team
Asa Newell,Atlanta Hawks
Caleb Houstan,Atlanta Hawks
Dyson Daniels,Atlanta Hawks
Jacob Toppin,Atlanta Hawks
Jalen Johnson,Atlanta Hawks
Keaton Wallace,Atlanta Hawks
Kristaps Porzingis,Atlanta Hawks
Luke Kennard,Atlanta Hawks
Mouhamed Gueye,Atlanta Hawks
N'Faly Dante,Atlanta Hawks
Nickeil Alexander-Walker,Atlanta Hawks
Nikola Djurisic,Atlanta Hawks
Onyeka Okongwu,Atlanta Hawks
Trae Young,Atlanta Hawks
Vit Krejci,Atlanta Hawks
Zaccharie Risacher,Atlanta Hawks
Amari Williams,Boston Celtics
Anfernee Simons,Boston Celtics
Baylor Scheierman,Boston Celtics
Chris Boucher,Boston Celtics
Derrick White,Boston Celtics
Hugo Gonzalez,Boston Celtics
Jaylen Brown,Boston Celtics
Jayson Tatum,Boston Celtics
Josh Minott,Boston Celtics
Luka Garza,Boston Celtics
Max Shulga,Boston Celtics
Neemias Queta,Boston Celtics
Payton Pritchard,Boston Celtics
Sam Hauser,Boston Celtics
Xavier Tillman,Boston Celtics
Ben Saraf,Brooklyn Nets
Cam Thomas,Brooklyn Nets
Danny Wolf,Brooklyn Nets
Day'Ron Sharpe,Brooklyn Nets
Drake Powell,Brooklyn Nets
E.J. Liddell,Brooklyn Nets
Egor Demin,Brooklyn Nets
Haywood Highsmith,Brooklyn Nets
Jalen Wilson,Brooklyn Nets
Nic Claxton,Brooklyn Nets
Noah Clowney,Brooklyn Nets
Nolan Traore,Brooklyn Nets
Terance Mann,Brooklyn Nets
Tyrese Martin,Brooklyn Nets
Tyson Etienne,Brooklyn Nets
Ziaire Williams,Brooklyn Nets
Antonio Reeves,Charlotte Hornets
Brandon Miller,Charlotte Hornets
Collin Sexton,Charlotte Hornets
Drew Peterson,Charlotte Hornets
Grant Williams,Charlotte Hornets
Josh Green,Charlotte Hornets
KJ Simpson,Charlotte Hornets
Kon Knueppel,Charlotte Hornets
LaMelo Ball,Charlotte Hornets
Liam McNeeley,Charlotte Hornets
Mason Plumlee,Charlotte Hornets
Miles Bridges,Charlotte Hornets
Moussa Diabate,Charlotte Hornets
Pat Connaughton,Charlotte Hornets
Ryan Kalkbrenner,Charlotte Hornets
Tidjane Salaun,Charlotte Hornets
Tre Mann,Charlotte Hornets
Ayo Dosunmu,Chicago Bulls
Coby White,Chicago Bulls
Dalen Terry,Chicago Bulls
Emanuel Miller,Chicago Bulls
Isaac Okoro,Chicago Bulls
Jalen Smith,Chicago Bulls
Jevon Carter,Chicago Bulls
Josh Giddey,Chicago Bulls
Julian Phillips,Chicago Bulls
Kevin Huerter,Chicago Bulls
Lachlan Olbrich,Chicago Bulls
Matas Buzelis,Chicago Bulls
Nikola Vucevic,Chicago Bulls
Noa Essengue,Chicago Bulls
Patrick Williams,Chicago Bulls
Tre Jones,Chicago Bulls
Trentyn Flowers,Chicago Bulls
Zach Collins,Chicago Bulls
Darius Garland,Cleveland Cavaliers
De'Andre Hunter,Cleveland Cavaliers
Dean Wade,Cleveland Cavaliers
Donovan Mitchell,Cleveland Cavaliers
Evan Mobley,Cleveland Cavaliers
Jarrett Allen,Cleveland Cavaliers
Jaylon Tyson,Cleveland Cavaliers
Lonzo Ball,Cleveland Cavaliers
Luke Travers,Cleveland Cavaliers
Max Strus,Cleveland Cavaliers
Nae'Qwan Tomlin,Cleveland Cavaliers
Sam Merrill,Cleveland Cavaliers
Thomas Bryant,Cleveland Cavaliers
Tyrese Proctor,Cleveland Cavaliers
Anthony Davis,Dallas Mavericks
Brandon Williams,Dallas Mavericks
Caleb Martin,Dallas Mavericks
Cooper Flagg,Dallas Mavericks
D'Angelo Russell,Dallas Mavericks
Daniel Gafford,Dallas Mavericks
Dante Exum,Dallas Mavericks
Dwight Powell,Dallas Mavericks
Jaden Hardy,Dallas Mavericks
Klay Thompson,Dallas Mavericks
Kyrie Irving,Dallas Mavericks
Max Christie,Dallas Mavericks
Miles Kelly,Dallas Mavericks
Moussa Cisse,Dallas Mavericks
Naji Marshall,Dallas Mavericks
P.J. Washington,Dallas Mavericks
Ryan Nembhard,Dallas Mavericks
Aaron Gordon,Denver Nuggets
Cameron Johnson,Denver Nuggets
Christian Braun,Denver Nuggets
Curtis Jones,Denver Nuggets
Hunter Tyson,Denver Nuggets
Jalen Pickett,Denver Nuggets
Jamal Murray,Denver Nuggets
Jonas Valanciunas,Denver Nuggets
Julian Strawther,Denver Nuggets
Nikola Jokic,Denver Nuggets
Peyton Watson,Denver Nuggets
Spencer Jones,Denver Nuggets
Tamar Bates,Denver Nuggets
Zeke Nnaji,Denver Nuggets
Ausar Thompson,Detroit Pistons
Bobi Klintman,Detroit Pistons
Cade Cunningham,Detroit Pistons
Caris LeVert,Detroit Pistons
Chaz Lanier,Detroit Pistons
Colby Jones,Detroit Pistons
Daniss Jenkins,Detroit Pistons
Duncan Robinson,Detroit Pistons
Isaiah Stewart,Detroit Pistons
Jaden Ivey,Detroit Pistons
Jalen Duren,Detroit Pistons
Javonte Green,Detroit Pistons
Marcus Sasser,Detroit Pistons
Paul Reed,Detroit Pistons
Tobias Harris,Detroit Pistons
Tolu Smith,Detroit Pistons
Al Horford,Golden State Warriors
Alex Toohey,Golden State Warriors
Brandin Podziemski,Golden State Warriors
Buddy Hield,Golden State Warriors
De'Anthony Melton,Golden State Warriors
Draymond Green,Golden State Warriors
Gui Santos,Golden State Warriors
Jackson Rowe,Golden State Warriors
Jimmy Butler,Golden State Warriors
Jonathan Kuminga,Golden State Warriors
Moses Moody,Golden State Warriors
Pat Spencer,Golden State Warriors
Quinten Post,Golden State Warriors
Stephen Curry,Golden State Warriors
Trayce Jackson-Davis,Golden State Warriors
Will Richard,Golden State Warriors
Aaron Holiday,Houston Rockets
Alperen Sengun,Houston Rockets
Amen Thompson,Houston Rockets
Clint Capela,Houston Rockets
Dorian Finney-Smith,Houston Rockets
Fred VanVleet,Houston Rockets
Isaiah Crawford,Houston Rockets
JD Davison,Houston Rockets
Jae'Sean Tate,Houston Rockets
Jeff Green,Houston Rockets
Josh Okogie,Houston Rockets
Kevin Durant,Houston Rockets
Kevon Harris,Houston Rockets
Reed Sheppard,Houston Rockets
Steven Adams,Houston Rockets
Tari Eason,Houston Rockets
Aaron Nesmith,Indiana Pacers
Andrew Nembhard,Indiana Pacers
Ben Sheppard,Indiana Pacers
Bennedict Mathurin,Indiana Pacers
Isaiah Jackson,Indiana Pacers
James Wiseman,Indiana Pacers
Jarace Walker,Indiana Pacers
Jay Huff,Indiana Pacers
Johnny Furphy,Indiana Pacers
Kam Jones,Indiana Pacers
Obi Toppin,Indiana Pacers
Pascal Siakam,Indiana Pacers
Quenton Jackson,Indiana Pacers
RayJ Dennis,Indiana Pacers
T.J. McConnell,Indiana Pacers
Taelon Peter,Indiana Pacers
Tony Bradley,Indiana Pacers
Tyrese Haliburton,Indiana Pacers
Bogdan Bogdanovic,LA Clippers
Bradley Beal,LA Clippers
Brook Lopez,LA Clippers
Cam Christie,LA Clippers
Chris Paul,LA Clippers
Ivica Zubac,LA Clippers
Jahmyl Telfort,LA Clippers
James Harden,LA Clippers
John Collins,LA Clippers
Jordan Miller,LA Clippers
Kawhi Leonard,LA Clippers
Kobe Brown,LA Clippers
Kris Dunn,LA Clippers
Nicolas Batum,LA Clippers
Adou Thiero,Los Angeles Lakers
Austin Reaves,Los Angeles Lakers
Bronny James,Los Angeles Lakers
Chris Manon,Los Angeles Lakers
Christian Koloko,Los Angeles Lakers
Dalton Knecht,Los Angeles Lakers
Deandre Ayton,Los Angeles Lakers
Gabe Vincent,Los Angeles Lakers
Jake LaRavia,Los Angeles Lakers
Jarred Vanderbilt,Los Angeles Lakers
Jaxson Hayes,Los Angeles Lakers
LeBron James,Los Angeles Lakers
Luka Doncic,Los Angeles Lakers
Marcus Smart,Los Angeles Lakers
Maxi Kleber,Los Angeles Lakers
Rui Hachimura,Los Angeles Lakers
Brandon Clarke,Memphis Grizzlies
Cam Spencer,Memphis Grizzlies
Cedric Coward,Memphis Grizzlies
Ja Morant,Memphis Grizzlies
Javon Small,Memphis Grizzlies
Jaylen Wells,Memphis Grizzlies
Jock Landale,Memphis Grizzlies
John Konchar,Memphis Grizzlies
Kentavious Caldwell-Pope,Memphis Grizzlies
Olivier-Maxence Prosper,Memphis Grizzlies
Santi Aldama,Memphis Grizzlies
Ty Jerome,Memphis Grizzlies
Zach Edey,Memphis Grizzlies
Andrew Wiggins,Miami Heat
Bam Adebayo,Miami Heat
Davion Mitchell,Miami Heat
Dru Smith,Miami Heat
Jahmir Young,Miami Heat
Kasparas Jakucionis,Miami Heat
Kel'el Ware,Miami Heat
Keshad Johnson,Miami Heat
Myron Gardner,Miami Heat
Norman Powell,Miami Heat
Terry Rozier,Miami Heat
Tyler Herro,Miami Heat
Vladislav Goldin,Miami Heat
A.J. Green,Milwaukee Bucks
Alex Antetokounmpo,Milwaukee Bucks
Amir Coffey,Milwaukee Bucks
Bobby Portis,Milwaukee Bucks
Cole Anthony,Milwaukee Bucks
Gary Harris,Milwaukee Bucks
Giannis Antetokounmpo,Milwaukee Bucks
Jericho Sims,Milwaukee Bucks
Kyle Kuzma,Milwaukee Bucks
Mark Sears,Milwaukee Bucks
Myles Turner,Milwaukee Bucks
Pete Nance,Milwaukee Bucks
Ryan Rollins,Milwaukee Bucks
Taurean Prince,Milwaukee Bucks
Thanasis Antetokounmpo,Milwaukee Bucks
Anthony Edwards,Minnesota Timberwolves
Bones Hyland,Minnesota Timberwolves
Donte DiVincenzo,Minnesota Timberwolves
Enrique Freeman,Minnesota Timberwolves
Jaden McDaniels,Minnesota Timberwolves
Jaylen Clark,Minnesota Timberwolves
Joan Beringer,Minnesota Timberwolves
Joe Ingles,Minnesota Timberwolves
Johnny Juzang,Minnesota Timberwolves
Julius Randle,Minnesota Timberwolves
Leonard Miller,Minnesota Timberwolves
Mike Conley,Minnesota Timberwolves
Naz Reid,Minnesota Timberwolves
Rob Dillingham,Minnesota Timberwolves
Rocco Zikarsky,Minnesota Timberwolves
Rudy Gobert,Minnesota Timberwolves
Bryce McGowens,New Orleans Pelicans
Dejounte Murray,New Orleans Pelicans
Derik Queen,New Orleans Pelicans
Herbert Jones,New Orleans Pelicans
Jaden Springer,New Orleans Pelicans
Jeremiah Fears,New Orleans Pelicans
Jordan Hawkins,New Orleans Pelicans
Jordan Poole,New Orleans Pelicans
Jose Alvarado,New Orleans Pelicans
Karlo Matkovic,New Orleans Pelicans
Kevon Looney,New Orleans Pelicans
Micah Peavy,New Orleans Pelicans
Saddiq Bey,New Orleans Pelicans
Trey Alexander,New Orleans Pelicans
Yves Missi,New Orleans Pelicans
Zion Williamson,New Orleans Pelicans
Ariel Hukporti,New York Knicks
Guerschon Yabusele,New York Knicks
Jalen Brunson,New York Knicks
Jordan Clarkson,New York Knicks
Josh Hart,New York Knicks
Karl-Anthony Towns,New York Knicks
Landry Shamet,New York Knicks
Mikal Bridges,New York Knicks
Miles McBride,New York Knicks
Mitchell Robinson,New York Knicks
Mohamed Diawara,New York Knicks
OG Anunoby,New York Knicks
Pacome Dadiet,New York Knicks
Tosan Evbuomwan,New York Knicks
Tyler Kolek,New York Knicks
Aaron Wiggins,Oklahoma City Thunder
Ajay Mitchell,Oklahoma City Thunder
Alex Caruso,Oklahoma City Thunder
Branden Carlson,Oklahoma City Thunder
Brooks Barnhizer,Oklahoma City Thunder
Cason Wallace,Oklahoma City Thunder
Chet Holmgren,Oklahoma City Thunder
Chris Youngblood,Oklahoma City Thunder
Isaiah Hartenstein,Oklahoma City Thunder
Isaiah Joe,Oklahoma City Thunder
Jalen Williams,Oklahoma City Thunder
Jaylin Williams,Oklahoma City Thunder
Kenrich Williams,Oklahoma City Thunder
Luguentz Dort,Oklahoma City Thunder
Nikola Topic,Oklahoma City Thunder
Ousmane Dieng,Oklahoma City Thunder
Shai Gilgeous-Alexander,Oklahoma City Thunder
Thomas Sorber,Oklahoma City Thunder
Anthony Black,Orlando Magic
Colin Castleton,Orlando Magic
Desmond Bane,Orlando Magic
Franz Wagner,Orlando Magic
Goga Bitadze,Orlando Magic
Jalen Suggs,Orlando Magic
Jamal Cain,Orlando Magic
Jett Howard,Orlando Magic
Jonathan Isaac,Orlando Magic
Moritz Wagner,Orlando Magic
Noah Penda,Orlando Magic
Orlando Robinson,Orlando Magic
Paolo Banchero,Orlando Magic
Tyus Jones,Orlando Magic
Adem Bona,Philadelphia 76ers
Andre Drummond,Philadelphia 76ers
Dominick Barlow,Philadelphia 76ers
Eric Gordon,Philadelphia 76ers
Hunter Sallis,Philadelphia 76ers
Jabari Walker,Philadelphia 76ers
Jared McCain,Philadelphia 76ers
Joel Embiid,Philadelphia 76ers
Johni Broome,Philadelphia 76ers
Justin Edwards,Philadelphia 76ers
Kyle Lowry,Philadelphia 76ers
Paul George,Philadelphia 76ers
Quentin Grimes,Philadelphia 76ers
Trendon Watford,Philadelphia 76ers
Tyrese Maxey,Philadelphia 76ers
V.J. Edgecombe,Philadelphia 76ers
C.J. Huntley,Phoenix Suns
Collin Gillespie,Phoenix Suns
Devin Booker,Phoenix Suns
Dillon Brooks,Phoenix Suns
Grayson Allen,Phoenix Suns
Isaiah Livers,Phoenix Suns
Jalen Green,Phoenix Suns
Jordan Goodwin,Phoenix Suns
Khaman Maluach,Phoenix Suns
Koby Brea,Phoenix Suns
Mark Williams,Phoenix Suns
Nick Richards,Phoenix Suns
Nigel Hayes-Davis,Phoenix Suns
Oso Ighodaro,Phoenix Suns
Rasheer Fleming,Phoenix Suns
Royce O'Neale,Phoenix Suns
Ryan Dunn,Phoenix Suns
Blake Wesley,Portland Trail Blazers
Caleb Love,Portland Trail Blazers
Damian Lillard,Portland Trail Blazers
Deni Avdija,Portland Trail Blazers
Donovan Clingan,Portland Trail Blazers
Duop Reath,Portland Trail Blazers
Hansen Yang,Portland Trail Blazers
Javonte Cooke,Portland Trail Blazers
Jerami Grant,Portland Trail Blazers
Jrue Holiday,Portland Trail Blazers
Kris Murray,Portland Trail Blazers
Matisse Thybulle,Portland Trail Blazers
Rayan Rupert,Portland Trail Blazers
Scoot Henderson,Portland Trail Blazers
Shaedon Sharpe,Portland Trail Blazers
Sidy Cissoko,Portland Trail Blazers
Toumani Camara,Portland Trail Blazers
Daeqwon Plowden,Sacramento Kings
Dario Saric,Sacramento Kings
DeMar DeRozan,Sacramento Kings
Dennis Schroder,Sacramento Kings
Devin Carter,Sacramento Kings
Domantas Sabonis,Sacramento Kings
Doug McDermott,Sacramento Kings
Drew Eubanks,Sacramento Kings
Isaac Jones,Sacramento Kings
Isaiah Stevens,Sacramento Kings
Keegan Murray,Sacramento Kings
Keon Ellis,Sacramento Kings
Malik Monk,Sacramento Kings
Maxime Raynaud,Sacramento Kings
Nique Clifford,Sacramento Kings
Russell Westbrook,Sacramento Kings
Zach LaVine,Sacramento Kings
Bismack Biyombo,San Antonio Spurs
Carter Bryant,San Antonio Spurs
De'Aaron Fox,San Antonio Spurs
Devin Vassell,San Antonio Spurs
Dylan Harper,San Antonio Spurs
Harrison Barnes,San Antonio Spurs
Harrison Ingram,San Antonio Spurs
Jeremy Sochan,San Antonio Spurs
Jordan McLaughlin,San Antonio Spurs
Julian Champagnie,San Antonio Spurs
Keldon Johnson,San Antonio Spurs
Kelly Olynyk,San Antonio Spurs
Luke Kornet,San Antonio Spurs
Stephon Castle,San Antonio Spurs
Victor Wembanyama,San Antonio Spurs
A.J. Lawson,Toronto Raptors
Alijah Martin,Toronto Raptors
Brandon Ingram,Toronto Raptors
Chucky Hepburn,Toronto Raptors
Collin Murray-Boyles,Toronto Raptors
Garrett Temple,Toronto Raptors
Gradey Dick,Toronto Raptors
Immanuel Quickley,Toronto Raptors
Ja'Kobe Walter,Toronto Raptors
Jakob Poeltl,Toronto Raptors
Jamal Shead,Toronto Raptors
Jamison Battle,Toronto Raptors
Jonathan Mogbo,Toronto Raptors
Ochai Agbaji,Toronto Raptors
R.J. Barrett,Toronto Raptors
Sandro Mamukelashvili,Toronto Raptors
Scottie Barnes,Toronto Raptors
Ace Bailey,Utah Jazz
Brice Sensabaugh,Utah Jazz
Cody Williams,Utah Jazz
Elijah Harkless,Utah Jazz
Georges Niang,Utah Jazz
Isaiah Collier,Utah Jazz
John Tonje,Utah Jazz
Jusuf Nurkic,Utah Jazz
Kevin Love,Utah Jazz
Keyonte George,Utah Jazz
Kyle Anderson,Utah Jazz
Kyle Filipowski,Utah Jazz
Lauri Markkanen,Utah Jazz
Oscar Tshiebwe,Utah Jazz
Sviatoslav Mykhailiuk,Utah Jazz
Taylor Hendricks,Utah Jazz
Walker Kessler,Utah Jazz
AJ Johnson,Washington Wizards
Alex Sarr,Washington Wizards
Anthony Gill,Washington Wizards
Bilal Coulibaly,Washington Wizards
Bub Carrington,Washington Wizards
C.J. McCollum,Washington Wizards
Cam Whitmore,Washington Wizards
Corey Kispert,Washington Wizards
Jamir Watkins,Washington Wizards
Justin Champagnie,Washington Wizards
Khris Middleton,Washington Wizards
Kyshawn George,Washington Wizards
Malaki Branham,Washington Wizards
Sharife Cooper,Washington Wizards
Tre Johnson,Washington Wizards
Tristan Vukcevic,Washington Wizards
Will Riley,Washington Wizards
