Season,Team,Games_Missed_Top8,Star_Weighted_Games_Missed_Top8,Injury_Prone_Count,Top_Player_Games
2014-15,Atlanta Hawks,78.0,105.34965793987506,7,82
2014-15,Boston Celtics,214.0,277.32123010408947,16,82
2014-15,Brooklyn Nets,94.0,122.79642936782416,12,82
2014-15,Charlotte Hornets,146.0,188.8417155365952,12,82
2014-15,Chicago Bulls,122.0,158.68274774955285,6,82
2014-15,Cleveland Cavaliers,155.0,203.5843941858001,15,82
2014-15,Dallas Mavericks,131.0,169.0605761925356,10,82
2014-15,Denver Nuggets,171.0,219.465526958476,16,82
2014-15,Detroit Pistons,222.0,289.3923228311121,16,82
2014-15,Golden State Warriors,34.0,46.45955005807917,6,82
2014-15,Houston Rockets,155.0,198.8941680609637,15,82
2014-15,Indiana Pacers,109.0,143.65943644175815,8,82
2014-15,Los Angeles Clippers,84.0,105.72692570631553,12,82
2014-15,Los Angeles Lakers,233.0,285.6286831098897,11,82
2014-15,Memphis Grizzlies,141.0,181.11067646013143,10,82
2014-15,Miami Heat,219.0,274.94161731331724,19,82
2014-15,Milwaukee Bucks,169.0,211.39564842699653,13,82
2014-15,Minnesota Timberwolves,245.0,313.0167173336772,21,82
2014-15,New Orleans Pelicans,144.0,186.62347239610204,15,82
2014-15,New York Knicks,338.0,416.8839776601024,16,82
2014-15,Oklahoma City Thunder,223.0,294.7170468992885,15,82
2014-15,Orlando Magic,93.0,114.34954330036088,10,82
2014-15,Philadelphia 76ers,260.0,318.63883593436344,18,82
2014-15,Phoenix Suns,143.0,187.22505712028507,17,82
2014-15,Portland Trail Blazers,132.0,169.38166728322517,13,82
2014-15,Sacramento Kings,104.0,137.0542744164792,11,82
2014-15,San Antonio Spurs,71.0,94.3579094722346,8,82
2014-15,Toronto Raptors,46.0,60.41227966462027,6,82
2014-15,Utah Jazz,108.0,136.02800839854203,15,82
2014-15,Washington Wizards,71.0,90.37030150208447,9,82
2015-16,Atlanta Hawks,22.0,28.862294704933483,9,82
2015-16,Boston Celtics,41.0,54.13192908133059,8,82
2015-16,Brooklyn Nets,159.0,199.08794016247683,11,82
2015-16,Charlotte Hornets,156.0,196.2335544398673,10,82
2015-16,Chicago Bulls,118.0,149.48622270334087,8,82
2015-16,Cleveland Cavaliers,132.0,170.6687836854132,11,82
2015-16,Dallas Mavericks,65.0,84.05745518972289,8,82
2015-16,Denver Nuggets,161.0,203.14748610734785,13,82
2015-16,Detroit Pistons,106.0,137.56408641867648,10,82
2015-16,Golden State Warriors,55.0,72.6348308010255,5,82
2015-16,Houston Rockets,84.0,103.86985380690712,11,82
2015-16,Indiana Pacers,85.0,107.5674976015429,9,82
2015-16,Los Angeles Clippers,140.0,180.30993923833657,10,82
2015-16,Los Angeles Lakers,91.0,110.52970987193112,7,82
2015-16,Memphis Grizzlies,212.0,268.66931219814376,24,82
2015-16,Miami Heat,126.0,164.50464628190997,13,82
2015-16,Milwaukee Bucks,113.0,138.79134807696252,11,82
2015-16,Minnesota Timberwolves,50.0,61.08670211879806,9,82
2015-16,New Orleans Pelicans,287.0,367.8159884132019,16,82
2015-16,New York Knicks,64.0,79.45309325609631,7,82
2015-16,Oklahoma City Thunder,89.0,112.84847532075094,8,82
2015-16,Orlando Magic,136.0,175.6447342694206,10,82
2015-16,Philadelphia 76ers,106.0,129.1059024027591,11,82
2015-16,Phoenix Suns,228.0,287.8800593955516,17,82
2015-16,Portland Trail Blazers,32.0,40.90957439529136,7,82
2015-16,Sacramento Kings,155.0,195.9726138060422,6,82
2015-16,San Antonio Spurs,77.0,104.4453441475762,9,82
2015-16,Toronto Raptors,101.0,130.8781204721506,9,82
2015-16,Utah Jazz,169.0,216.1924617752937,9,82
2015-16,Washington Wizards,104.0,134.1065173957276,12,82
2016-17,Atlanta Hawks,106.0,136.3804211484153,13,82
2016-17,Boston Celtics,69.0,91.06854899342612,6,82
2016-17,Brooklyn Nets,130.0,165.1255993892799,14,82
2016-17,Charlotte Hornets,50.0,65.97298595493596,13,82
2016-17,Chicago Bulls,119.0,150.01918060818258,11,82
2016-17,Cleveland Cavaliers,138.0,179.8753861519872,15,82
2016-17,Dallas Mavericks,221.0,275.6712731265593,17,82
2016-17,Denver Nuggets,120.0,155.89483987031218,14,82
2016-17,Detroit Pistons,48.0,60.73352201984816,7,82
2016-17,Golden State Warriors,113.0,150.55532088846894,7,82
2016-17,Houston Rockets,111.0,148.97109663596447,10,82
2016-17,Indiana Pacers,106.0,131.954252700783,7,82
2016-17,Los Angeles Clippers,57.0,80.45773225272607,7,82
2016-17,Los Angeles Lakers,102.0,130.13647232028592,12,82
2016-17,Memphis Grizzlies,73.0,95.85057230780096,8,82
2016-17,Miami Heat,158.0,197.80992116878383,8,82
2016-17,Milwaukee Bucks,102.0,130.0154613119205,12,82
2016-17,Minnesota Timberwolves,81.0,99.952490796689,9,82
2016-17,New Orleans Pelicans,190.0,254.14667991963785,20,82
2016-17,New York Knicks,143.0,177.56660450591176,8,82
2016-17,Oklahoma City Thunder,169.0,215.4544155141029,10,82
2016-17,Orlando Magic,120.0,153.5416873080283,11,82
2016-17,Philadelphia 76ers,175.0,223.97880637354265,14,82
2016-17,Phoenix Suns,114.0,148.26719473952286,11,82
2016-17,Portland Trail Blazers,128.0,167.38115179063772,8,82
2016-17,Sacramento Kings,216.0,274.2588596687475,13,82
2016-17,San Antonio Spurs,74.0,98.91986463739826,4,82
2016-17,Toronto Raptors,161.0,212.93822642973024,11,82
2016-17,Utah Jazz,102.0,135.03531830544793,8,82
2016-17,Washington Wizards,76.0,95.5975417476996,11,82
2017-18,Atlanta Hawks,163.0,204.47552476564863,17,82
2017-18,Boston Celtics,104.0,136.74724960278667,13,82
2017-18,Brooklyn Nets,81.0,101.36338986780936,14,82
2017-18,Charlotte Hornets,38.0,49.22074699285745,8,82
2017-18,Chicago Bulls,192.0,240.51882513623903,14,82
2017-18,Cleveland Cavaliers,240.0,299.65945001903555,18,82
2017-18,Dallas Mavericks,128.0,159.0206618062937,15,82
2017-18,Denver Nuggets,131.0,168.3583955943094,11,82
2017-18,Detroit Pistons,207.0,267.8480083146149,16,82
2017-18,Golden State Warriors,135.0,180.1841501785244,7,82
2017-18,Houston Rockets,151.0,198.7904876560372,18,82
2017-18,Indiana Pacers,48.0,64.34134960584109,11,82
2017-18,Los Angeles Clippers,260.0,335.8629652957738,15,82
2017-18,Los Angeles Lakers,211.0,263.1916951409803,19,82
2017-18,Memphis Grizzlies,290.0,363.3662834108905,20,82
2017-18,Miami Heat,112.0,140.85156788963343,11,82
2017-18,Milwaukee Bucks,116.0,147.49684322451304,18,82
2017-18,Minnesota Timberwolves,52.0,70.8912341916969,8,82
2017-18,New Orleans Pelicans,111.0,147.23230446515166,17,82
2017-18,New York Knicks,164.0,204.51744922804133,15,82
2017-18,Oklahoma City Thunder,123.0,156.95085806957144,8,82
2017-18,Orlando Magic,190.0,238.9707098374788,14,82
2017-18,Philadelphia 76ers,151.0,193.5112168042299,16,82
2017-18,Phoenix Suns,228.0,296.8323347066236,15,82
2017-18,Portland Trail Blazers,60.0,78.84169416380621,7,82
2017-18,Sacramento Kings,103.0,128.38377502231444,11,82
2017-18,San Antonio Spurs,130.0,167.6653095391493,7,82
2017-18,Toronto Raptors,37.0,49.79702559670198,7,82
2017-18,Utah Jazz,137.0,176.1556321099964,13,82
2017-18,Washington Wizards,65.0,85.54291926935463,6,82
2018-19,Atlanta Hawks,89.0,111.0992151051176,15,82
2018-19,Boston Celtics,130.0,167.92286425093727,8,82
2018-19,Brooklyn Nets,119.0,149.24299768894363,12,82
2018-19,Charlotte Hornets,70.0,89.39749226587679,10,82
2018-19,Chicago Bulls,350.0,442.22782160695687,18,82
2018-19,Cleveland Cavaliers,191.0,242.2413325213556,23,82
2018-19,Dallas Mavericks,227.0,282.9859311517984,15,82
2018-19,Denver Nuggets,86.0,108.84554590203956,9,82
2018-19,Detroit Pistons,147.0,186.0742344110841,13,82
2018-19,Golden State Warriors,105.0,142.0439759359407,6,82
2018-19,Houston Rockets,164.0,209.487082816504,18,82
2018-19,Indiana Pacers,121.0,155.21544488859078,9,82
2018-19,Los Angeles Clippers,142.0,178.82425535240196,16,82
2018-19,Los Angeles Lakers,218.0,277.2522489018746,17,82
2018-19,Memphis Grizzlies,275.0,344.87157115974753,27,82
2018-19,Miami Heat,173.0,215.56273796179192,11,82
2018-19,Milwaukee Bucks,127.0,167.31491354216664,17,82
2018-19,Minnesota Timberwolves,229.0,304.3221616366117,13,82
2018-19,New Orleans Pelicans,182.0,237.42987840487365,16,82
2018-19,New York Knicks,279.0,344.3905004915325,18,82
2018-19,Oklahoma City Thunder,80.0,103.1889326420631,10,82
2018-19,Orlando Magic,57.0,69.61663328494569,10,82
2018-19,Philadelphia 76ers,247.0,328.35753904077256,22,82
2018-19,Phoenix Suns,235.0,292.26794627041056,18,82
2018-19,Portland Trail Blazers,161.0,210.74385623238524,10,82
2018-19,Sacramento Kings,128.0,156.75238761598945,14,82
2018-19,San Antonio Spurs,37.0,48.67084398132167,6,82
2018-19,Toronto Raptors,125.0,173.63351596423084,16,82
2018-19,Utah Jazz,28.0,37.76518991271614,11,82
2018-19,Washington Wizards,246.0,309.3312156971598,21,82
2019-20,Atlanta Hawks,189.0,236.3475790869136,14,67
2019-20,Boston Celtics,77.0,104.23173127280128,8,72
2019-20,Brooklyn Nets,110.0,143.94467911475337,18,72
2019-20,Charlotte Hornets,127.0,154.07628887849825,9,65
2019-20,Chicago Bulls,113.0,142.20995369591202,12,65
2019-20,Cleveland Cavaliers,145.0,183.7997379880657,14,65
2019-20,Dallas Mavericks,68.0,91.1918994121294,10,75
2019-20,Denver Nuggets,65.0,84.35444294362743,12,73
2019-20,Detroit Pistons,234.0,291.7142158790274,16,66
2019-20,Golden State Warriors,271.0,338.7383311947611,19,65
2019-20,Houston Rockets,147.0,191.92283671362293,15,72
2019-20,Indiana Pacers,122.0,154.09663794320613,8,73
2019-20,Los Angeles Clippers,148.0,195.52930965342887,12,72
2019-20,Los Angeles Lakers,122.0,155.044106014347,12,71
2019-20,Memphis Grizzlies,68.0,87.98308215280301,13,73
2019-20,Miami Heat,145.0,186.33402386540047,13,73
2019-20,Milwaukee Bucks,58.0,80.84922184760634,6,73
2019-20,Minnesota Timberwolves,313.0,395.940094356547,22,64
2019-20,New Orleans Pelicans,118.0,152.24574277947278,8,72
2019-20,New York Knicks,200.0,247.09552047131825,10,66
2019-20,Oklahoma City Thunder,82.0,102.23300521116306,9,72
2019-20,Orlando Magic,82.0,107.65462533018577,12,73
2019-20,Philadelphia 76ers,112.0,145.2656643106112,11,73
2019-20,Phoenix Suns,129.0,163.9086467318499,11,73
2019-20,Portland Trail Blazers,193.0,240.36665068553364,12,74
2019-20,Sacramento Kings,119.0,152.41233448204102,18,72
2019-20,San Antonio Spurs,54.0,68.94272169174684,7,71
2019-20,Toronto Raptors,112.0,147.8540085197676,10,72
2019-20,Utah Jazz,72.0,93.06554234741328,12,72
2019-20,Washington Wizards,142.0,179.93227136071488,18,72
2020-21,Atlanta Hawks,153.0,195.25802151834893,13,72
2020-21,Boston Celtics,179.0,232.8331885963244,15,72
2020-21,Brooklyn Nets,218.0,289.67605784591296,20,72
2020-21,Charlotte Hornets,107.0,137.61635522756757,11,72
2020-21,Chicago Bulls,150.0,195.54765788108784,15,72
2020-21,Cleveland Cavaliers,153.0,194.1041041586175,20,72
2020-21,Dallas Mavericks,88.0,114.72756846749591,11,72
2020-21,Denver Nuggets,208.0,260.17203708137424,16,72
2020-21,Detroit Pistons,223.0,280.21855791794223,15,72
2020-21,Golden State Warriors,93.0,117.21269777142842,9,72
2020-21,Houston Rockets,337.0,439.1543528389623,29,72
2020-21,Indiana Pacers,219.0,277.95224792203726,13,72
2020-21,Los Angeles Clippers,129.0,172.60950724287463,13,72
2020-21,Los Angeles Lakers,137.0,184.1489307676468,11,72
2020-21,Memphis Grizzlies,123.0,156.93436183189095,10,72
2020-21,Miami Heat,172.0,223.3213195345596,15,72
2020-21,Milwaukee Bucks,178.0,224.89673073731183,13,72
2020-21,Minnesota Timberwolves,113.0,144.34297339972247,10,72
2020-21,New Orleans Pelicans,129.0,164.3331935884861,14,72
2020-21,New York Knicks,117.0,149.4578437079678,12,72
2020-21,Oklahoma City Thunder,210.0,261.4924275919129,18,72
2020-21,Orlando Magic,300.0,375.5921436873873,27,72
2020-21,Philadelphia 76ers,79.0,106.79010837323256,14,72
2020-21,Phoenix Suns,74.0,94.78985397117548,9,72
2020-21,Portland Trail Blazers,111.0,143.51791268757975,11,72
2020-21,Sacramento Kings,128.0,165.86297465151966,19,72
2020-21,San Antonio Spurs,121.0,154.24099300807043,9,72
2020-21,Toronto Raptors,229.0,290.9479531149079,18,72
2020-21,Utah Jazz,51.0,70.06155322847218,9,72
2020-21,Washington Wizards,137.0,173.5714216078699,12,72
2021-22,Atlanta Hawks,177.0,224.66090654767623,18,82
2021-22,Boston Celtics,156.0,206.8978777154485,22,82
2021-22,Brooklyn Nets,316.0,410.26214273758217,21,82
2021-22,Charlotte Hornets,85.0,109.89398244628848,12,82
2021-22,Chicago Bulls,144.0,186.47526528164428,16,82
2021-22,Cleveland Cavaliers,223.0,285.4498239427388,20,82
2021-22,Dallas Mavericks,183.0,244.4590961425008,21,82
2021-22,Denver Nuggets,128.0,161.36462000771377,13,82
2021-22,Detroit Pistons,223.0,276.3876895986474,22,82
2021-22,Golden State Warriors,138.0,184.8143484433182,7,82
2021-22,Houston Rockets,163.0,199.6133445636264,12,82
2021-22,Indiana Pacers,309.0,405.446693101191,27,82
2021-22,Los Angeles Clippers,204.0,259.58325840561383,17,82
2021-22,Los Angeles Lakers,191.0,246.85360468500423,22,82
2021-22,Memphis Grizzlies,120.0,156.182172307656,15,82
2021-22,Miami Heat,114.0,154.82071546674013,15,82
2021-22,Milwaukee Bucks,117.0,157.61247029796527,23,82
2021-22,Minnesota Timberwolves,82.0,108.68224198135869,10,82
2021-22,New Orleans Pelicans,174.0,226.5827150914842,18,82
2021-22,New York Knicks,136.0,171.2059295845038,16,82
2021-22,Oklahoma City Thunder,395.0,488.31514326360514,25,82
2021-22,Orlando Magic,183.0,225.4423649777284,15,82
2021-22,Philadelphia 76ers,150.0,204.86164314319828,17,82
2021-22,Phoenix Suns,110.0,148.15758290541865,16,82
2021-22,Portland Trail Blazers,329.0,422.9783738741346,26,82
2021-22,Sacramento Kings,217.0,283.4248770788225,24,82
2021-22,San Antonio Spurs,171.0,220.9098999339848,18,82
2021-22,Toronto Raptors,175.0,226.1308550231356,16,82
2021-22,Utah Jazz,99.0,132.60208295195997,17,82
2021-22,Washington Wizards,283.0,369.6382134090125,23,82
2022-23,Atlanta Hawks,145.0,186.84220996521563,11,82
2022-23,Boston Celtics,81.0,108.5094869894376,10,82
2022-23,Brooklyn Nets,340.0,455.6357367128836,22,82
2022-23,Charlotte Hornets,192.0,245.51484277615629,15,82
2022-23,Chicago Bulls,90.0,116.99740582042298,9,82
2022-23,Cleveland Cavaliers,96.0,127.4087564508107,11,82
2022-23,Dallas Mavericks,179.0,242.8403663240377,18,82
2022-23,Denver Nuggets,138.0,180.74584877773003,12,82
2022-23,Detroit Pistons,227.0,280.3018316376987,19,82
2022-23,Golden State Warriors,103.0,136.93160134142826,11,82
2022-23,Houston Rockets,125.0,154.050563054807,11,82
2022-23,Indiana Pacers,126.0,161.43126032760603,12,82
2022-23,Los Angeles Clippers,192.0,251.3978321517798,17,82
2022-23,Los Angeles Lakers,219.0,293.0541086959302,20,82
2022-23,Memphis Grizzlies,252.0,324.78658774871843,13,82
2022-23,Miami Heat,120.0,159.46644957521093,14,82
2022-23,Milwaukee Bucks,130.0,173.19564486632743,15,82
2022-23,Minnesota Timberwolves,170.0,225.0917429981456,14,82
2022-23,New Orleans Pelicans,124.0,164.23681628059265,11,82
2022-23,New York Knicks,120.0,159.21760495178813,9,82
2022-23,Oklahoma City Thunder,121.0,156.2273943021606,12,82
2022-23,Orlando Magic,144.0,182.68118736286937,17,82
2022-23,Philadelphia 76ers,163.0,214.5409605761649,14,82
2022-23,Phoenix Suns,235.0,322.4360143901562,15,82
2022-23,Portland Trail Blazers,292.0,369.5890458040009,21,82
2022-23,Sacramento Kings,28.0,37.68724535304229,10,82
2022-23,San Antonio Spurs,241.0,305.6003077012566,17,82
2022-23,Toronto Raptors,143.0,192.119677767428,14,82
2022-23,Utah Jazz,207.0,265.91224429904446,19,82
2022-23,Washington Wizards,133.0,172.80410043422316,18,82
2023-24,Atlanta Hawks,114.0,147.14440721692628,14,82
2023-24,Boston Celtics,84.0,115.34801922573575,11,82
2023-24,Brooklyn Nets,152.0,192.55448180900967,16,82
2023-24,Charlotte Hornets,297.0,373.1168727524261,22,82
2023-24,Chicago Bulls,125.0,157.2531007514614,11,82
2023-24,Cleveland Cavaliers,128.0,171.47340735956124,13,82
2023-24,Dallas Mavericks,158.0,205.92817019029985,17,82
2023-24,Denver Nuggets,42.0,57.49059020940311,10,82
2023-24,Detroit Pistons,270.0,333.47342273734347,27,82
2023-24,Golden State Warriors,91.0,119.69108667950464,9,82
2023-24,Houston Rockets,124.0,158.4609549612477,9,82
2023-24,Indiana Pacers,171.0,220.02909483333272,16,82
2023-24,Los Angeles Clippers,138.0,179.80864452531858,13,82
2023-24,Los Angeles Lakers,95.0,123.83956125644814,13,82
2023-24,Memphis Grizzlies,307.0,386.6979370124418,32,82
2023-24,Miami Heat,190.0,247.46359491572832,16,82
2023-24,Milwaukee Bucks,83.0,109.30808987887497,15,82
2023-24,Minnesota Timberwolves,46.0,61.0167289039066,12,82
2023-24,New Orleans Pelicans,98.0,129.96456306256124,13,82
2023-24,New York Knicks,165.0,211.63957850179105,21,82
2023-24,Oklahoma City Thunder,27.0,37.13209421707286,12,82
2023-24,Orlando Magic,114.0,145.14964335653443,11,82
2023-24,Philadelphia 76ers,209.0,276.5633464102613,24,82
2023-24,Phoenix Suns,129.0,169.18881119037906,16,82
2023-24,Portland Trail Blazers,256.0,315.80417652098106,18,82
2023-24,Sacramento Kings,65.0,84.09409942777441,13,82
2023-24,San Antonio Spurs,71.0,89.07916852832533,11,82
2023-24,Toronto Raptors,256.0,331.8233663495405,29,82
2023-24,Utah Jazz,173.0,219.041096746352,16,82
2023-24,Washington Wizards,97.0,123.45604934559825,18,82
2024-25,Atlanta Hawks,248.0,317.0716533236338,17,82
2024-25,Boston Celtics,119.0,162.14764992936952,12,82
2024-25,Brooklyn Nets,364.0,454.4975407467493,20,82
2024-25,Charlotte Hornets,269.0,338.0506640985786,23,82
2024-25,Chicago Bulls,225.0,286.7734937894454,14,82
2024-25,Cleveland Cavaliers,160.0,210.1374988688364,15,82
2024-25,Dallas Mavericks,263.0,355.6766937540695,21,82
2024-25,Denver Nuggets,87.0,116.4057680028446,10,82
2024-25,Detroit Pistons,136.0,172.94588285845424,13,82
2024-25,Golden State Warriors,228.0,299.98917361151337,17,82
2024-25,Houston Rockets,98.0,128.98568172095446,14,82
2024-25,Indiana Pacers,90.0,116.1585650467202,13,82
2024-25,Los Angeles Clippers,139.0,179.4624834910024,17,82
2024-25,Los Angeles Lakers,230.0,310.942143675844,20,82
2024-25,Memphis Grizzlies,106.0,140.21005940135336,12,82
2024-25,Miami Heat,237.0,307.06964214159063,14,82
2024-25,Milwaukee Bucks,133.0,172.57104002844162,17,82
2024-25,Minnesota Timberwolves,48.0,64.30926857980225,13,82
2024-25,New Orleans Pelicans,293.0,364.86911715077576,23,82
2024-25,New York Knicks,83.0,109.91097555567018,14,82
2024-25,Oklahoma City Thunder,125.0,169.1963362491559,12,82
2024-25,Orlando Magic,136.0,176.9766572741539,10,82
2024-25,Philadelphia 76ers,273.0,344.87732024383274,28,82
2024-25,Phoenix Suns,139.0,178.72554496696222,14,82
2024-25,Portland Trail Blazers,129.0,162.6301458113596,11,82
2024-25,Sacramento Kings,129.0,169.7229662318387,19,82
2024-25,San Antonio Spurs,148.0,195.88028188568995,15,82
2024-25,Toronto Raptors,232.0,291.71625600412494,19,82
2024-25,Utah Jazz,191.0,238.82001539385547,14,82
2024-25,Washington Wizards,176.0,207.5494425030531,20,82
2025-26,Atlanta Hawks,0.0,0.0,0,0
2025-26,Boston Celtics,0.0,0.0,0,0
2025-26,Brooklyn Nets,30.0,37.10348424295757,1,0
2025-26,Charlotte Hornets,0.0,0.0,0,0
2025-26,Chicago Bulls,0.0,0.0,0,0
2025-26,Cleveland Cavaliers,0.0,0.0,0,0
2025-26,Dallas Mavericks,0.0,0.0,0,0
2025-26,Denver Nuggets,0.0,0.0,0,0
2025-26,Detroit Pistons,0.0,0.0,0,0
2025-26,Golden State Warriors,0.0,0.0,0,0
2025-26,Houston Rockets,0.0,0.0,0,0
2025-26,Indiana Pacers,0.0,0.0,0,0
2025-26,Los Angeles Clippers,0.0,0.0,0,0
2025-26,Los Angeles Lakers,0.0,0.0,0,0
2025-26,Memphis Grizzlies,0.0,0.0,0,0
2025-26,Miami Heat,0.0,0.0,0,0
2025-26,Milwaukee Bucks,0.0,0.0,0,0
2025-26,Minnesota Timberwolves,0.0,0.0,0,0
2025-26,New Orleans Pelicans,0.0,0.0,0,0
2025-26,New York Knicks,0.0,0.0,0,0
2025-26,Oklahoma City Thunder,0.0,0.0,0,0
2025-26,Orlando Magic,0.0,0.0,0,0
2025-26,Philadelphia 76ers,0.0,0.0,0,0
2025-26,Phoenix Suns,0.0,0.0,0,0
2025-26,Portland Trail Blazers,0.0,0.0,0,0
2025-26,Sacramento Kings,0.0,0.0,0,0
2025-26,San Antonio Spurs,0.0,0.0,0,0
2025-26,Toronto Raptors,0.0,0.0,0,0
2025-26,Utah Jazz,0.0,0.0,0,0
2025-26,Washington Wizards,0.0,0.0,0,0
