Season,Team,Returning_Minutes_Top8_Pct,Star_Weighted_Continuity,New_Players_Top8,Returning_Minutes_FullRoster_Pct,Total_Prev_Minutes_Top8,Total_Prev_Minutes_FullRoster
2015-16,Atlanta Hawks,78.67,79.26,11,40.67,204.9,556.4
2015-16,Boston Celtics,93.88,93.81,10,34.94,176.5,674.1
2015-16,Brooklyn Nets,47.16,47.38,14,30.18,198.7,592.8
2015-16,Charlotte Hornets,64.51,65.22,12,31.29,222.9,606.9
2015-16,Chicago Bulls,100.0,100.0,8,54.65,233.4,546.9
2015-16,Cleveland Cavaliers,100.0,100.0,10,45.29,226.1,619.5
2015-16,Dallas Mavericks,43.12,43.78,13,22.26,196.9,594.9
2015-16,Denver Nuggets,55.3,54.35,14,33.2,207.6,622.2
2015-16,Detroit Pistons,64.95,64.78,12,29.2,223.4,654.9
2015-16,Golden State Warriors,88.42,89.57,10,47.93,197.8,527.4
2015-16,Houston Rockets,89.17,89.85,12,43.23,206.0,627.8
2015-16,Indiana Pacers,61.43,61.39,11,28.83,192.1,581.3
2015-16,Los Angeles Clippers,75.51,77.39,13,32.2,214.4,577.6
2015-16,Los Angeles Lakers,53.05,53.06,11,23.49,196.8,676.8
2015-16,Memphis Grizzlies,81.73,82.73,23,42.27,188.8,586.3
2015-16,Miami Heat,94.54,94.79,13,40.04,219.9,692.0
2015-16,Milwaukee Bucks,46.87,47.52,13,33.71,191.4,654.4
2015-16,Minnesota Timberwolves,50.71,50.71,12,32.47,204.9,767.9
2015-16,New Orleans Pelicans,96.68,96.91,14,45.04,210.6,646.5
2015-16,New York Knicks,32.53,32.65,14,22.9,202.6,706.5
2015-16,Oklahoma City Thunder,87.79,87.82,10,45.86,229.3,680.3
2015-16,Orlando Magic,92.04,92.22,10,43.46,203.5,564.2
2015-16,Philadelphia 76ers,45.51,45.62,15,26.87,185.9,755.4
2015-16,Phoenix Suns,58.25,58.59,19,28.1,220.1,635.5
2015-16,Portland Trail Blazers,25.18,25.94,14,18.81,204.1,599.3
2015-16,Sacramento Kings,63.99,65.97,11,26.95,164.1,588.8
2015-16,San Antonio Spurs,79.97,80.76,11,36.94,190.2,553.9
2015-16,Toronto Raptors,68.29,68.79,11,33.01,207.8,527.4
2015-16,Utah Jazz,81.85,82.88,11,42.0,187.9,606.0
2015-16,Washington Wizards,80.37,80.54,13,38.69,196.6,572.8
2016-17,Atlanta Hawks,71.16,70.39,14,37.72,210.1,550.7
2016-17,Boston Celtics,76.45,77.12,9,40.0,219.1,532.2
2016-17,Brooklyn Nets,34.74,35.3,18,19.76,201.5,607.4
2016-17,Charlotte Hornets,76.72,77.66,13,38.25,213.1,592.1
2016-17,Chicago Bulls,52.67,53.04,14,23.7,187.4,588.7
2016-17,Cleveland Cavaliers,88.2,88.97,14,45.66,208.4,603.6
2016-17,Dallas Mavericks,60.39,60.49,19,31.71,184.8,562.0
2016-17,Denver Nuggets,90.07,90.6,13,39.67,177.2,620.6
2016-17,Detroit Pistons,83.42,84.09,9,38.7,221.3,592.8
2016-17,Golden State Warriors,68.47,71.2,12,32.9,216.6,535.5
2016-17,Houston Rockets,72.54,73.31,12,27.41,183.2,582.6
2016-17,Indiana Pacers,52.19,52.8,12,32.74,186.8,559.6
2016-17,Los Angeles Clippers,86.3,87.33,10,40.13,172.2,579.3
2016-17,Los Angeles Lakers,51.25,51.59,14,36.06,152.6,561.3
2016-17,Memphis Grizzlies,75.14,75.32,11,24.98,207.6,767.8
2016-17,Miami Heat,26.13,26.65,13,25.57,220.8,614.0
2016-17,Milwaukee Bucks,78.34,79.48,13,31.4,176.8,587.6
2016-17,Minnesota Timberwolves,79.81,80.65,11,38.83,178.8,556.3
2016-17,New Orleans Pelicans,51.74,53.14,22,25.22,238.9,714.2
2016-17,New York Knicks,42.74,44.59,13,21.05,176.2,534.5
2016-17,Oklahoma City Thunder,61.73,61.03,14,30.12,186.3,550.4
2016-17,Orlando Magic,53.67,53.53,15,26.41,218.2,586.6
2016-17,Philadelphia 76ers,64.8,65.24,17,33.1,140.9,607.0
2016-17,Phoenix Suns,59.85,60.35,14,35.22,190.8,678.1
2016-17,Portland Trail Blazers,85.54,86.53,9,44.29,191.6,521.8
2016-17,Sacramento Kings,76.87,77.12,13,32.67,216.2,573.7
2016-17,San Antonio Spurs,70.6,71.7,11,33.96,178.9,554.1
2016-17,Toronto Raptors,90.27,90.51,10,43.06,226.2,563.2
2016-17,Utah Jazz,86.94,87.5,9,44.03,202.9,575.1
2016-17,Washington Wizards,68.58,69.58,13,29.89,224.7,604.8
2017-18,Atlanta Hawks,46.25,44.96,18,23.51,217.1,612.2
2017-18,Boston Celtics,30.39,30.27,18,18.23,206.3,532.2
2017-18,Brooklyn Nets,74.7,74.21,16,31.76,176.7,634.5
2017-18,Charlotte Hornets,100.0,100.0,9,36.47,207.2,591.4
2017-18,Chicago Bulls,28.65,27.31,18,25.05,195.8,594.3
2017-18,Cleveland Cavaliers,64.22,65.28,17,30.92,221.9,637.1
2017-18,Dallas Mavericks,85.01,84.79,16,34.51,193.5,683.6
2017-18,Denver Nuggets,70.51,70.89,13,41.62,187.5,593.2
2017-18,Detroit Pistons,75.48,75.77,16,34.83,194.5,538.0
2017-18,Golden State Warriors,100.0,100.0,9,45.54,199.9,548.1
2017-18,Houston Rockets,75.45,75.77,18,35.8,229.7,591.7
2017-18,Indiana Pacers,40.61,40.0,16,22.18,186.4,552.2
2017-18,Los Angeles Clippers,41.63,42.61,18,20.43,186.4,530.5
2017-18,Los Angeles Lakers,28.98,28.74,22,30.76,178.4,601.2
2017-18,Memphis Grizzlies,54.48,56.45,20,35.62,203.2,594.3
2017-18,Miami Heat,93.49,93.7,12,51.47,222.8,593.6
2017-18,Milwaukee Bucks,98.89,98.97,17,51.0,180.4,580.4
2017-18,Minnesota Timberwolves,67.62,67.75,10,29.55,216.5,561.1
2017-18,New Orleans Pelicans,65.54,68.16,19,29.53,192.1,788.1
2017-18,New York Knicks,64.39,64.37,16,30.53,187.6,567.3
2017-18,Oklahoma City Thunder,53.32,55.76,13,26.65,206.5,611.9
2017-18,Orlando Magic,81.19,81.35,13,35.43,213.2,585.9
2017-18,Philadelphia 76ers,82.53,82.36,17,39.53,185.5,684.0
2017-18,Phoenix Suns,82.44,82.53,16,42.51,181.1,595.9
2017-18,Portland Trail Blazers,86.23,86.05,9,45.98,204.0,563.9
2017-18,Sacramento Kings,9.1,8.86,17,20.47,207.7,675.0
2017-18,San Antonio Spurs,80.96,81.92,11,42.07,190.1,537.9
2017-18,Toronto Raptors,54.44,56.2,14,37.23,216.2,598.1
2017-18,Utah Jazz,63.96,62.95,16,31.78,206.7,550.6
2017-18,Washington Wizards,91.41,92.2,10,41.35,201.5,569.5
2018-19,Atlanta Hawks,40.35,40.6,19,24.32,189.6,650.2
2018-19,Boston Celtics,100.0,100.0,9,49.12,214.8,585.7
2018-19,Brooklyn Nets,81.3,81.67,13,32.62,206.4,654.6
2018-19,Charlotte Hornets,77.88,77.84,11,39.96,210.2,554.8
2018-19,Chicago Bulls,66.82,66.9,17,35.27,201.0,672.0
2018-19,Cleveland Cavaliers,59.15,57.22,22,33.94,204.4,683.2
2018-19,Dallas Mavericks,85.65,85.83,14,36.03,193.7,652.7
2018-19,Denver Nuggets,100.0,100.0,10,41.99,208.7,589.0
2018-19,Detroit Pistons,68.67,68.62,15,36.21,213.2,647.4
2018-19,Golden State Warriors,88.16,88.88,11,41.35,195.9,557.9
2018-19,Houston Rockets,74.62,76.34,17,29.17,236.4,678.5
2018-19,Indiana Pacers,100.0,100.0,9,39.52,207.9,554.9
2018-19,Los Angeles Clippers,49.26,49.51,18,35.9,236.1,701.6
2018-19,Los Angeles Lakers,68.29,67.86,17,30.76,227.4,689.2
2018-19,Memphis Grizzlies,62.99,62.84,24,30.01,183.2,751.0
2018-19,Miami Heat,100.0,100.0,10,52.94,210.4,622.0
2018-19,Milwaukee Bucks,76.75,78.38,19,36.83,209.0,653.8
2018-19,Minnesota Timberwolves,88.72,89.63,15,41.45,217.2,535.6
2018-19,New Orleans Pelicans,52.72,54.52,17,31.91,192.7,637.2
2018-19,New York Knicks,54.28,54.05,19,35.84,178.7,635.0
2018-19,Oklahoma City Thunder,64.75,66.87,14,33.75,194.6,550.3
2018-19,Orlando Magic,69.83,70.24,12,35.34,188.9,630.2
2018-19,Philadelphia 76ers,84.89,85.98,20,34.8,201.8,641.4
2018-19,Phoenix Suns,33.27,32.7,22,26.53,202.9,699.6
2018-19,Portland Trail Blazers,71.7,73.46,13,41.26,190.8,539.7
2018-19,Sacramento Kings,42.68,43.27,17,31.45,170.8,605.1
2018-19,San Antonio Spurs,51.79,52.65,12,26.17,201.4,556.3
2018-19,Toronto Raptors,73.23,72.62,16,41.4,196.1,534.3
2018-19,Utah Jazz,100.0,100.0,10,47.62,189.6,600.8
2018-19,Washington Wizards,73.76,74.51,20,39.23,205.8,550.1
2019-20,Atlanta Hawks,76.72,77.13,17,28.42,138.3,613.7
2019-20,Boston Celtics,59.45,58.21,12,27.04,208.9,566.1
2019-20,Brooklyn Nets,59.54,59.0,20,24.49,186.6,602.7
2019-20,Charlotte Hornets,61.09,59.18,11,37.06,204.3,569.1
2019-20,Chicago Bulls,64.03,64.96,12,31.16,232.7,743.0
2019-20,Cleveland Cavaliers,43.2,43.96,18,30.63,189.6,764.9
2019-20,Dallas Mavericks,77.04,77.48,13,35.14,183.8,652.3
2019-20,Denver Nuggets,98.19,98.33,14,46.67,182.0,555.6
2019-20,Detroit Pistons,52.74,55.08,19,31.95,182.8,607.8
2019-20,Golden State Warriors,38.38,38.81,19,17.97,217.8,568.1
2019-20,Houston Rockets,67.21,68.48,17,31.2,202.8,674.7
2019-20,Indiana Pacers,40.74,41.32,14,24.64,209.4,561.2
2019-20,Los Angeles Clippers,61.46,60.5,15,25.3,195.4,651.1
2019-20,Los Angeles Lakers,72.93,73.9,15,24.68,187.3,674.3
2019-20,Memphis Grizzlies,37.98,36.47,18,18.18,220.1,825.2
2019-20,Miami Heat,47.55,47.23,17,31.46,200.0,596.9
2019-20,Milwaukee Bucks,84.18,84.85,11,36.08,193.4,644.6
2019-20,Minnesota Timberwolves,50.25,51.13,20,27.59,221.9,677.1
2019-20,New Orleans Pelicans,34.01,33.94,14,18.42,221.1,662.2
2019-20,New York Knicks,22.39,22.39,15,23.47,189.8,729.5
2019-20,Oklahoma City Thunder,36.45,34.4,15,24.02,209.6,548.3
2019-20,Orlando Magic,97.95,98.05,12,45.56,194.7,557.7
2019-20,Philadelphia 76ers,43.9,45.45,16,25.97,234.4,781.8
2019-20,Phoenix Suns,72.71,72.82,14,24.24,214.4,717.8
2019-20,Portland Trail Blazers,57.77,59.38,16,29.04,209.8,579.9
2019-20,Sacramento Kings,72.43,72.48,18,37.16,178.1,614.3
2019-20,San Antonio Spurs,89.76,90.17,11,43.24,209.9,527.7
2019-20,Toronto Raptors,64.52,64.02,13,33.08,225.5,635.4
2019-20,Utah Jazz,48.06,49.88,17,27.43,201.4,560.4
2019-20,Washington Wizards,32.61,33.86,20,14.03,193.2,740.5
2020-21,Atlanta Hawks,46.66,48.2,15,28.45,173.8,646.4
2020-21,Boston Celtics,77.01,77.51,15,43.54,219.2,562.7
2020-21,Brooklyn Nets,97.12,97.21,20,43.91,208.0,695.5
2020-21,Charlotte Hornets,80.62,80.91,11,42.53,164.1,585.2
2020-21,Chicago Bulls,77.22,77.23,17,51.92,172.1,583.2
2020-21,Cleveland Cavaliers,70.18,70.63,20,36.3,135.5,605.0
2020-21,Dallas Mavericks,89.78,90.02,12,39.67,210.4,605.8
2020-21,Denver Nuggets,85.68,86.23,16,36.32,187.2,611.2
2020-21,Detroit Pistons,41.58,40.7,18,14.02,185.2,690.3
2020-21,Golden State Warriors,62.35,62.44,13,35.55,223.1,737.3
2020-21,Houston Rockets,45.4,46.76,27,24.45,222.9,649.2
2020-21,Indiana Pacers,100.0,100.0,12,54.2,219.8,579.9
2020-21,Los Angeles Clippers,72.37,73.57,15,36.25,187.1,611.6
2020-21,Los Angeles Lakers,66.9,68.67,14,33.35,182.2,594.3
2020-21,Memphis Grizzlies,84.92,84.8,11,39.59,194.9,613.1
2020-21,Miami Heat,76.39,77.07,15,41.8,216.0,657.6
2020-21,Milwaukee Bucks,63.82,65.7,17,25.63,201.5,565.4
2020-21,Minnesota Timberwolves,42.51,43.11,13,33.65,203.0,739.4
2020-21,New Orleans Pelicans,64.73,64.04,16,34.93,211.8,605.7
2020-21,New York Knicks,68.75,69.45,14,36.31,179.5,590.0
2020-21,Oklahoma City Thunder,23.88,23.6,20,19.62,196.4,567.7
2020-21,Orlando Magic,86.47,86.29,21,43.36,212.8,607.9
2020-21,Philadelphia 76ers,65.58,66.77,18,29.91,208.6,597.1
2020-21,Phoenix Suns,62.0,61.68,12,33.34,230.8,606.5
2020-21,Portland Trail Blazers,59.01,59.63,13,33.51,215.9,663.4
2020-21,Sacramento Kings,86.82,86.65,17,36.17,220.1,656.0
2020-21,San Antonio Spurs,100.0,100.0,10,47.29,199.7,569.0
2020-21,Toronto Raptors,79.84,80.37,16,42.36,223.7,579.3
2020-21,Utah Jazz,94.94,95.13,11,43.46,225.4,589.0
2020-21,Washington Wizards,76.41,76.74,15,37.89,193.7,693.3
2021-22,Atlanta Hawks,100.0,100.0,16,48.45,215.3,615.9
2021-22,Boston Celtics,63.27,63.98,23,37.26,231.7,649.5
2021-22,Brooklyn Nets,78.68,79.75,18,29.78,228.0,752.2
2021-22,Charlotte Hornets,74.07,73.83,14,34.98,212.1,578.1
2021-22,Chicago Bulls,34.14,35.52,20,24.39,198.3,645.7
2021-22,Cleveland Cavaliers,46.84,46.82,23,31.33,193.2,733.4
2021-22,Dallas Mavericks,85.89,86.63,20,41.98,214.7,584.8
2021-22,Denver Nuggets,68.87,69.66,17,40.9,210.1,647.9
2021-22,Detroit Pistons,34.2,33.92,24,34.25,197.1,691.7
2021-22,Golden State Warriors,89.05,89.67,10,30.93,181.7,585.9
2021-22,Houston Rockets,25.06,24.67,17,26.59,245.4,909.5
2021-22,Indiana Pacers,84.82,85.25,21,39.88,219.3,648.0
2021-22,Los Angeles Clippers,65.11,64.47,18,36.41,199.2,616.9
2021-22,Los Angeles Lakers,30.66,32.67,23,14.26,214.3,601.8
2021-22,Memphis Grizzlies,62.51,62.66,18,40.05,187.8,596.7
2021-22,Miami Heat,60.51,61.87,17,33.06,213.7,660.6
2021-22,Milwaukee Bucks,94.62,95.1,23,33.16,208.2,650.8
2021-22,Minnesota Timberwolves,79.38,79.72,12,45.13,189.6,573.7
2021-22,New Orleans Pelicans,44.24,43.41,18,27.13,219.5,649.8
2021-22,New York Knicks,85.84,86.19,16,40.74,211.9,586.2
2021-22,Oklahoma City Thunder,53.54,53.37,22,37.55,168.3,723.1
2021-22,Orlando Magic,22.07,21.71,20,30.56,191.7,869.0
2021-22,Philadelphia 76ers,77.33,77.11,17,35.0,206.4,612.0
2021-22,Phoenix Suns,100.0,100.0,15,45.12,213.3,560.1
2021-22,Portland Trail Blazers,73.19,74.52,22,34.3,218.6,587.1
2021-22,Sacramento Kings,88.82,88.5,19,43.76,230.8,675.9
2021-22,San Antonio Spurs,52.49,52.65,20,32.42,194.7,581.7
2021-22,Toronto Raptors,67.8,68.15,18,32.28,236.3,700.7
2021-22,Utah Jazz,93.23,93.55,17,44.09,225.9,539.1
2021-22,Washington Wizards,74.08,73.0,23,33.96,201.4,638.6
2022-23,Atlanta Hawks,66.01,67.61,15,25.96,217.1,687.9
2022-23,Boston Celtics,87.56,88.49,12,37.77,214.6,639.6
2022-23,Brooklyn Nets,54.15,54.1,21,34.01,231.6,736.5
2022-23,Charlotte Hornets,75.7,75.0,13,42.33,232.5,582.5
2022-23,Chicago Bulls,74.59,75.36,13,43.38,208.2,638.3
2022-23,Cleveland Cavaliers,87.33,87.41,11,39.95,243.0,698.2
2022-23,Dallas Mavericks,73.79,73.5,17,37.79,234.3,661.3
2022-23,Denver Nuggets,45.27,48.56,15,29.09,186.0,621.9
2022-23,Detroit Pistons,41.2,40.68,19,31.37,168.2,784.6
2022-23,Golden State Warriors,81.07,81.51,12,41.75,202.3,578.4
2022-23,Houston Rockets,51.4,50.92,14,37.73,161.1,623.3
2022-23,Indiana Pacers,55.64,55.41,16,32.62,226.1,805.9
2022-23,Los Angeles Clippers,70.43,70.86,16,44.61,189.4,669.1
2022-23,Los Angeles Lakers,59.49,61.48,23,19.94,179.2,733.1
2022-23,Memphis Grizzlies,78.05,78.67,13,42.15,201.4,590.8
2022-23,Miami Heat,86.9,87.28,13,44.02,213.0,667.0
2022-23,Milwaukee Bucks,90.03,90.72,15,44.84,199.6,738.4
2022-23,Minnesota Timberwolves,74.16,74.49,14,34.72,196.6,564.2
2022-23,New Orleans Pelicans,85.13,85.22,10,43.47,225.3,664.6
2022-23,New York Knicks,74.12,74.06,12,40.31,209.4,623.9
2022-23,Oklahoma City Thunder,71.91,72.4,13,34.1,197.2,848.9
2022-23,Orlando Magic,89.28,89.51,13,41.04,199.6,709.0
2022-23,Philadelphia 76ers,76.18,77.43,15,38.13,223.3,638.1
2022-23,Phoenix Suns,73.44,74.65,15,38.48,215.0,633.1
2022-23,Portland Trail Blazers,50.41,50.71,20,31.38,245.0,845.4
2022-23,Sacramento Kings,72.59,72.31,14,32.78,230.2,732.2
2022-23,San Antonio Spurs,61.97,60.6,18,32.82,208.5,662.5
2022-23,Toronto Raptors,94.26,94.62,13,44.05,235.1,667.6
2022-23,Utah Jazz,33.83,33.22,20,15.29,220.5,627.8
2022-23,Washington Wizards,69.08,68.91,18,30.85,205.4,726.0
2023-24,Atlanta Hawks,86.3,86.8,12,45.44,218.9,599.0
2023-24,Boston Celtics,63.75,65.05,14,30.11,231.7,592.2
2023-24,Brooklyn Nets,71.62,70.65,15,32.38,257.2,753.5
2023-24,Charlotte Hornets,52.67,52.53,22,38.73,232.4,664.4
2023-24,Chicago Bulls,84.5,85.12,12,43.99,195.5,562.6
2023-24,Cleveland Cavaliers,82.59,83.65,12,38.94,230.3,588.9
2023-24,Dallas Mavericks,56.63,57.84,18,30.79,218.8,668.8
2023-24,Denver Nuggets,72.55,74.48,12,39.11,216.4,586.0
2023-24,Detroit Pistons,68.79,68.71,26,45.11,158.9,689.7
2023-24,Golden State Warriors,79.42,80.29,12,35.04,215.7,598.2
2023-24,Houston Rockets,39.34,39.69,14,24.88,142.1,574.4
2023-24,Indiana Pacers,82.93,83.94,16,45.78,165.8,625.8
2023-24,Los Angeles Clippers,100.0,100.0,13,43.3,208.1,671.6
2023-24,Los Angeles Lakers,66.55,68.09,16,26.9,230.2,699.2
2023-24,Memphis Grizzlies,74.84,75.6,27,46.38,203.9,643.2
2023-24,Miami Heat,88.21,89.05,14,41.45,223.0,655.7
2023-24,Milwaukee Bucks,61.54,62.25,16,30.78,214.0,639.4
2023-24,Minnesota Timberwolves,86.37,86.33,12,41.67,241.4,624.4
2023-24,New Orleans Pelicans,93.18,93.41,13,47.59,224.5,595.7
2023-24,New York Knicks,92.92,93.4,19,48.94,221.8,586.2
2023-24,Oklahoma City Thunder,100.0,100.0,14,48.79,202.7,614.5
2023-24,Orlando Magic,91.47,91.67,11,47.23,199.3,648.3
2023-24,Philadelphia 76ers,64.23,64.6,23,31.24,217.8,624.2
2023-24,Phoenix Suns,38.63,39.27,19,17.79,225.2,663.8
2023-24,Portland Trail Blazers,52.66,50.81,18,23.69,246.7,783.0
2023-24,Sacramento Kings,95.03,95.32,13,44.18,209.3,546.6
2023-24,San Antonio Spurs,67.85,67.2,15,42.45,197.2,715.2
2023-24,Toronto Raptors,78.75,78.48,24,42.08,237.6,615.7
2023-24,Utah Jazz,65.21,65.64,16,39.32,182.8,679.1
2023-24,Washington Wizards,26.04,25.65,22,24.62,172.8,652.2
2024-25,Atlanta Hawks,65.26,65.7,16,38.79,232.0,629.5
2024-25,Boston Celtics,100.0,100.0,10,52.49,235.3,582.8
2024-25,Brooklyn Nets,46.96,47.29,20,39.19,205.3,657.0
2024-25,Charlotte Hornets,46.3,46.52,24,38.14,194.4,799.1
2024-25,Chicago Bulls,51.77,50.87,18,36.9,226.4,603.5
2024-25,Cleveland Cavaliers,100.0,100.0,13,53.85,229.8,593.7
2024-25,Dallas Mavericks,88.61,89.69,17,37.43,206.3,640.9
2024-25,Denver Nuggets,79.09,80.81,12,39.0,177.4,531.0
2024-25,Detroit Pistons,67.47,67.83,17,23.37,174.9,841.6
2024-25,Golden State Warriors,61.9,62.81,18,38.8,192.4,561.8
2024-25,Houston Rockets,97.51,97.62,11,52.6,200.8,561.2
2024-25,Indiana Pacers,76.97,78.0,16,41.81,186.3,611.6
2024-25,Los Angeles Clippers,58.75,59.83,19,34.0,206.3,624.2
2024-25,Los Angeles Lakers,83.81,85.0,20,43.51,193.9,592.1
2024-25,Memphis Grizzlies,87.39,87.46,14,36.73,231.6,959.2
2024-25,Miami Heat,77.77,78.73,15,44.75,217.7,666.2
2024-25,Milwaukee Bucks,75.6,77.6,17,37.75,207.0,573.7
2024-25,Minnesota Timberwolves,65.35,66.4,15,34.3,191.9,551.0
2024-25,New Orleans Pelicans,70.52,71.08,20,34.59,222.9,582.5
2024-25,New York Knicks,39.51,40.37,18,28.11,236.9,673.9
2024-25,Oklahoma City Thunder,86.56,87.21,12,38.93,186.8,575.2
2024-25,Orlando Magic,100.0,100.0,9,46.96,191.4,557.1
2024-25,Philadelphia 76ers,46.74,48.36,27,22.86,212.9,712.1
2024-25,Phoenix Suns,93.56,94.0,13,36.15,217.3,606.6
2024-25,Portland Trail Blazers,68.65,68.59,14,51.39,166.8,699.8
2024-25,Sacramento Kings,86.26,87.22,18,38.75,211.1,552.5
2024-25,San Antonio Spurs,87.74,88.15,15,45.09,149.3,604.4
2024-25,Toronto Raptors,68.21,68.17,18,31.76,226.5,815.6
2024-25,Utah Jazz,57.42,58.62,16,35.63,193.3,669.3
2024-25,Washington Wizards,25.99,25.46,22,36.66,147.0,649.7
2025-26,Atlanta Hawks,66.08,66.88,11,33.41,226.4,711.1
2025-26,Boston Celtics,55.72,57.29,11,30.92,238.7,585.4
2025-26,Brooklyn Nets,34.94,34.93,13,25.21,218.1,764.0
2025-26,Charlotte Hornets,52.95,52.91,14,25.02,184.9,813.4
2025-26,Chicago Bulls,58.49,58.33,13,41.86,210.8,640.9
2025-26,Cleveland Cavaliers,79.09,79.94,8,39.08,209.0,618.0
2025-26,Dallas Mavericks,53.61,53.59,13,38.56,222.7,736.0
2025-26,Denver Nuggets,52.61,50.58,10,32.18,233.4,567.2
2025-26,Detroit Pistons,70.33,71.19,11,35.32,192.1,621.4
2025-26,Golden State Warriors,69.43,70.53,11,41.71,196.6,649.8
2025-26,Houston Rockets,48.92,49.86,12,26.4,216.7,587.4
2025-26,Indiana Pacers,77.68,77.94,12,47.61,203.0,588.7
2025-26,Los Angeles Clippers,64.92,66.31,9,26.3,218.1,624.6
2025-26,Los Angeles Lakers,58.89,57.69,11,27.9,232.8,693.1
2025-26,Memphis Grizzlies,50.39,49.68,9,23.84,191.1,605.6
2025-26,Miami Heat,59.16,59.67,9,30.71,209.6,673.1
2025-26,Milwaukee Bucks,35.2,36.68,12,28.21,210.8,646.9
2025-26,Minnesota Timberwolves,89.33,89.91,9,45.05,237.1,550.9
2025-26,New Orleans Pelicans,41.82,42.29,13,20.58,204.7,818.2
2025-26,New York Knicks,93.67,94.0,8,43.15,238.7,604.6
2025-26,Oklahoma City Thunder,100.0,100.0,10,53.75,208.4,578.4
2025-26,Orlando Magic,77.35,78.03,8,32.1,195.6,583.2
2025-26,Philadelphia 76ers,62.37,63.16,12,29.22,215.0,886.5
2025-26,Phoenix Suns,42.0,41.97,14,25.93,204.5,612.3
2025-26,Portland Trail Blazers,51.52,52.09,13,39.41,200.5,608.5
2025-26,Sacramento Kings,68.95,69.37,12,34.66,236.7,646.8
2025-26,San Antonio Spurs,65.14,65.56,11,42.07,192.5,612.6
2025-26,Toronto Raptors,48.57,49.49,14,35.43,185.7,712.6
2025-26,Utah Jazz,54.2,54.53,13,34.58,185.8,689.2
2025-26,Washington Wizards,28.44,28.52,15,33.29,129.4,709.3
