PLAYER,TEAM,GP,W,L,MIN,PTS,FGM,FGA,FG%,3PM,3PA,3P%,eFG%
A.J. Lawson,DAL,42,27,15,7.4,0,0,0,0,0,0,0,0
AJ Green,MIL,56,35,21,11,0.8,0.3,0.8,35.6,0.2,0.5,34.5,46.7
Aaron Holiday,HOU,78,39,39,16.3,1.7,0.7,1.7,42.2,0.2,0.8,30.5,48.9
Aaron Nesmith,IND,72,41,31,27.7,1.1,0.4,1,41.9,0.2,0.6,35,51.4
Aaron Wiggins,OKC,78,55,23,15.7,0.5,0.2,0.4,48.5,0.1,0.1,70,59.1
Adam Flagler,OKC,2,2,0,7,1.5,0.5,2,25,0.5,2,25,37.5
Alec Burks,NYK,66,18,48,18.4,3.2,1.3,3.8,34.5,0.6,1.9,32.5,42.8
Alex Caruso,CHI,71,34,37,28.7,1.5,0.6,1.2,47.7,0.4,0.8,45.5,62.2
Alondes Williams,MIA,7,5,2,2.2,0,0,0,-,0,0,-,-
Amari Bailey,CHA,10,1,9,6.5,0.2,0.1,0.6,16.7,0,0.1,0,16.7
Amen Thompson,HOU,62,30,32,22.4,0.5,0.2,0.8,28,0,0.2,0,28
Amir Coffey,LAC,70,46,24,20.9,1.1,0.5,1.2,42.7,0.1,0.2,23.5,45.1
Andre Jackson Jr.,MIL,57,33,24,10,0.2,0.1,0.2,40,0,0.1,28.6,50
Andrew Funk,CHI,5,3,2,2.7,0,0,0,-,0,0,-,-
Andrew Nembhard,IND,68,41,27,25,2.7,1.3,2.8,46.6,0.1,0.5,22.2,48.7
Anfernee Simons,POR,46,11,35,34.4,8,3.2,8.3,37.8,1.7,4.9,34.8,47.9
Anthony Black,ORL,69,39,30,16.9,0.4,0.2,0.6,30,0.1,0.1,44.4,35
Anthony Edwards,MIN,79,54,25,35.1,8.3,3.4,9.4,36.2,1.5,4.5,33.4,44.3
Armoni Brooks,BKN,10,3,7,10.4,0.3,0.1,0.7,14.3,0.1,0.6,16.7,21.4
Ashton Hagans,POR,19,3,16,16.6,0.1,0.1,0.2,25,0,0.1,0,25
Ausar Thompson,DET,63,10,53,25.1,0.5,0.2,0.8,28.6,0,0.2,18.2,30.6
Austin Reaves,LAL,82,47,35,32.1,4.4,1.8,4.3,42.1,0.7,2,37.3,50.6
Ayo Dosunmu,CHI,76,37,39,29.1,1.6,0.7,1.5,44.8,0.2,0.6,38.1,51.7
Ben Sheppard,IND,57,32,25,14.3,0.3,0.1,0.3,43.8,0.1,0.2,27.3,53.1
Ben Simmons,BKN,15,7,8,23.9,0.1,0.1,0.2,33.3,-,-,-,33.3
Bennedict Mathurin,IND,59,33,26,26.1,3.5,1.4,3.5,39.4,0.7,2,36.4,49.8
Bilal Coulibaly,WAS,63,11,52,27.2,0.6,0.2,0.7,31.1,0.1,0.3,43.8,38.9
Blake Wesley,SAS,61,19,42,14.4,0.3,0.1,0.5,27.6,0,0.1,0,27.6
Bogdan Bogdanović,ATL,79,35,44,30.4,3.7,1.5,3.5,42.8,0.7,1.8,36.6,52.2
Bones Hyland,LAC,37,20,17,14.6,2.3,0.9,2.8,31.1,0.6,1.9,30.4,41.3
Bradley Beal,PHX,53,33,20,33.3,4.1,1.8,4.3,42.5,0.4,1.1,39,47.6
Brandin Podziemski,GSW,74,41,33,26.6,1.8,0.7,1.7,39.8,0.4,0.9,45.5,51.6
Brandon Boston,LAC,32,17,15,10.8,1.9,0.9,2.3,37.8,0.2,0.8,23.1,41.9
Brandon Williams,DAL,17,10,7,6.6,0.9,0.4,1.1,38.9,0.1,0.4,28.6,44.4
Bruce Brown,TOR,67,26,41,27.8,1.4,0.7,1.8,36.9,0.1,0.3,26.1,39.3
Bryce McGowens,CHA,59,11,48,14.9,0.5,0.2,0.5,38.7,0.1,0.2,36.4,45.2
Buddy Hield,PHI,84,46,38,25.7,2.3,0.8,2.6,32.7,0.6,1.9,30.2,43.8
CJ McCollum,NOP,66,42,24,32.7,7.9,3.2,6.9,45.9,1.5,3.6,43.2,57
Cade Cunningham,DET,62,9,53,33.5,6.9,3.1,7.1,43.6,0.6,2,32.5,48.1
Caleb Houstan,ORL,59,31,28,13.8,0.2,0.1,0.2,44.4,0,0.1,20,50
Cam Reddish,LAL,48,27,21,20.5,0.2,0.1,0.4,23.5,0.1,0.1,50,32.4
Cam Thomas,BKN,66,23,43,31.4,7.6,3.3,8.6,38.9,1,3.2,30.6,44.5
Cameron Payne,PHI,78,46,32,16.7,2.4,0.9,2.1,45.3,0.5,1.3,42.9,58.4
Caris LeVert,CLE,68,38,30,28.8,3,1.2,3.8,32.3,0.6,2,27.5,39.7
Cason Wallace,OKC,82,57,25,20.6,0.8,0.4,0.9,39,0.1,0.3,25.9,43.5
Charlie Brown Jr.,NYK,8,2,6,4.7,0,0,0,-,0,0,-,-
Chris Duarte,SAC,59,35,24,12.2,0.8,0.3,0.9,34,0.2,0.5,38.7,45.3
Chris Paul,GSW,58,33,25,26.4,4.7,2.1,5.1,41.8,0.5,1.6,30.9,46.8
Christian Braun,DEN,82,57,25,20.2,0.7,0.3,0.8,34.3,0.2,0.5,36.8,44.8
Coby White,CHI,79,37,42,36.5,4,1.6,4.1,40.5,0.7,1.8,40.4,49.7
Colby Jones,SAC,30,15,15,6.4,0.5,0.2,0.5,50,0,0.1,0,50
Cole Anthony,ORL,81,47,34,22.4,2.4,1.1,2.9,38.6,0.1,0.6,24.5,41.1
Collin Gillespie,DEN,24,15,9,9.4,1.1,0.5,1,44,0.2,0.5,41.7,54
Collin Sexton,UTA,78,29,49,26.6,3.2,1.3,3.4,38.1,0.6,1.8,32.6,46.6
Cory Joseph,GSW,26,10,16,11.4,0.2,0.1,0.6,20,0,0.2,0,20
Craig Porter Jr.,CLE,51,30,21,12.7,1.9,0.8,1.8,45.7,0.2,0.5,37,51.1
D'Angelo Russell,LAL,76,46,30,32.7,5.4,2.2,5.5,39.3,1.1,2.8,39.1,49.4
D'Moi Hodge,LAL,7,1,6,5.9,0.3,0.1,0.3,50,0,0.1,0,50
D.J. Carton,TOR,4,2,2,8.9,0,0,0,-,0,0,-,-
DaQuan Jeffries,NYK,17,11,6,2.7,0.1,0.1,0.2,25,0,0.1,0,25
Daishen Nix,MIN,15,11,4,3.3,0.6,0.2,0.4,50,0.2,0.4,50,75
Damian Lillard,MIL,73,48,25,35.3,8.7,3.3,8.6,38.4,2.1,5.7,36.5,50.4
Danny Green,PHI,2,1,1,9.2,0,0,0.5,0,0,0,-,0
Danté Exum,DAL,55,36,19,19.8,0.6,0.3,0.6,43.8,0.1,0.1,37.5,48.4
Danuel House Jr.,PHI,34,21,13,15,0.4,0.1,0.6,25,0.1,0.4,21.4,32.5
Darius Garland,CLE,57,31,26,33.3,6.9,2.7,6.5,42.4,1.4,3.7,38.8,53.4
David Duke Jr.,SAS,4,3,1,12.8,1.3,0.5,1,50,0.3,0.3,100,62.5
Davion Mitchell,SAC,72,41,31,15.3,1,0.4,1.2,36.5,0.2,0.5,32.4,42.9
De'Aaron Fox,SAC,74,42,32,35.9,9.3,3.9,9.8,39.4,1.6,4.6,35.6,47.7
De'Andre Hunter,ATL,57,26,31,29.5,3.3,1.4,3.5,41.4,0.4,1.2,33.3,47
De'Anthony Melton,PHI,38,25,13,26.9,2.3,0.8,2.4,35.6,0.6,1.7,38.1,48.9
DeJon Jarreau,MEM,9,2,7,16.6,0.2,0.1,1.7,6.7,0,0.3,0,6.7
DeMar DeRozan,CHI,79,37,42,37.8,7.5,3.7,8.1,45.3,0.2,0.6,29.8,46.3
Dejounte Murray,ATL,78,34,44,35.7,8.1,3.5,8.1,43.6,1.1,3.3,32,50.2
Delon Wright,MIA,47,16,31,15.8,0.4,0.2,0.8,21.6,0.1,0.4,23.5,27
Dennis Schröder,BKN,80,30,50,31.1,3.2,1.5,3.7,39.9,0.3,0.9,33.8,44.2
Dennis Smith Jr.,BKN,56,19,37,18.9,0.8,0.3,1.2,27.5,0.1,0.4,24,31.9
Dereon Seabron,NOP,6,3,3,9.2,0.8,0.3,0.5,66.7,0.2,0.2,100,83.3
Derrick Rose,MEM,24,6,18,16.6,2.5,1.1,2,57.4,0.3,0.5,54.5,63.8
Derrick White,BOS,73,58,15,32.6,3.2,1.3,3.2,40.1,0.7,2,35.2,51.1
Desmond Bane,MEM,42,14,28,34.4,8,3.1,8.1,38.2,1.8,5.2,34.6,49.3
Devin Booker,PHX,68,43,25,36,11.5,5.1,11,46,1.4,3.9,36.2,52.5
Devin Vassell,SAS,68,17,51,33.1,6.5,2.9,6.9,41.5,0.8,2.4,33.1,47.1
Devonte' Graham,SAS,23,8,15,13.6,1.9,0.7,2.1,32.7,0.5,1.7,28.2,43.9
Dexter Dennis,DAL,4,1,3,7.5,1,0.5,1,50,0,0,-,50
Dillon Brooks,HOU,72,36,36,30.9,2.4,1,2.5,39,0.5,1.3,37.4,48.6
Donovan Mitchell,CLE,55,36,19,35.3,9.7,3.9,9.8,39.2,2,5.8,35,49.5
Donte DiVincenzo,NYK,81,50,31,29.1,2,0.8,1.8,41.5,0.5,1.3,38,55.4
Dru Smith,MIA,9,7,2,14.5,0.3,0.1,0.7,16.7,0.1,0.3,33.3,25
Dylan Windler,ATL,17,9,8,6.4,0.5,0.2,0.3,60,0.2,0.2,75,90
Dyson Daniels,NOP,61,34,27,22.3,0.6,0.3,0.7,35.6,0.1,0.2,28.6,40
Eric Gordon,PHX,68,41,27,27.8,1.1,0.4,1,41.2,0.3,0.7,36,54.4
Evan Fournier,DET,32,8,24,18.1,2.5,1.1,2.9,39.1,0.3,1.3,22,44
Frank Ntilikina,CHA,5,0,5,8.6,0,0,0.2,0,0,0,-,0
Fred VanVleet,HOU,73,38,35,36.8,8,3.2,7.7,41,1.7,4.8,36.4,52.3
Furkan Korkmaz,PHI,35,22,13,8.6,0.5,0.2,0.6,33.3,0.1,0.3,41.7,45.2
Gabe Vincent,LAL,11,7,4,19.8,1.2,0.5,2.1,26.1,0.1,1.2,7.7,28.3
Garrett Temple,TOR,27,5,22,10.7,0.1,0,0.4,8.3,0,0.3,12.5,12.5
Garrison Mathews,ATL,66,29,37,15,0.9,0.3,0.6,52.4,0.2,0.4,46.4,67.9
Gary Harris,ORL,54,35,19,24,0.6,0.3,0.6,46.7,0.1,0.3,40,56.7
Gary Payton II,GSW,44,27,17,15.5,0,0,0,0,0,0,-,0
Gary Trent Jr.,TOR,71,24,47,28.1,3.4,1.5,4.2,34.2,0.5,1.7,30.8,40.4
Gradey Dick,TOR,60,18,42,21.1,1.2,0.5,1.6,30.9,0.2,0.7,25.6,36.7
Grayson Allen,PHX,75,45,30,33.5,1.5,0.5,1.1,48.2,0.4,0.8,49.2,66.5
Hamidou Diallo,WAS,2,1,1,2.4,0,0,0,-,-,-,-,-
Immanuel Quickley,TOR,68,28,40,29.2,5.4,2.1,5.6,37.9,1.2,3.1,37.6,48.3
Isaac Okoro,CLE,69,41,28,27.3,0.3,0.1,0.2,43.8,0.1,0.2,35.7,59.4
Isaiah Joe,OKC,78,54,24,18.5,1.5,0.6,1.6,38.6,0.3,0.8,33.8,47.2
Isaiah Thomas,PHX,6,4,2,3.2,0.5,0.2,0.3,50,0.2,0.3,50,75
Isaiah Wong,IND,1,1,0,4.3,2,1,1,100,0,0,-,100
Ish Smith,CHA,43,6,37,17.2,1.6,0.8,2.1,36.3,0.1,0.2,42.9,37.9
Izaiah Brockington,NOP,1,1,0,3.4,0,0,2,0,0,1,0,0
JD Davison,BOS,8,8,0,4.9,1,0.4,0.8,50,0.3,0.5,50,66.7
Ja Morant,MEM,9,6,3,35.3,4.4,1.8,6,29.6,0.9,3.2,27.6,37
Jacob Gilyard,BKN,41,12,29,17,1.3,0.5,1.2,38.8,0.3,0.9,38.9,53.1
Jaden Hardy,DAL,73,44,29,13.6,2,0.9,2.4,36.8,0.3,0.9,29.4,42.5
Jaden Ivey,DET,77,14,63,28.8,2.7,1.1,3.5,33,0.4,1.4,30.3,39.1
Jaden Springer,BOS,49,32,17,10.3,0.3,0.2,0.5,30.8,0,0.1,0,30.8
Jahmi'us Ramsey,TOR,7,0,7,17.3,1.3,0.6,0.9,66.7,0.1,0.4,33.3,75
Jaime Jaquez Jr.,MIA,75,44,31,28.2,0.6,0.3,0.8,34.5,0,0.2,13.3,36.2
Jalen Brunson,NYK,77,49,28,35.4,11.3,4.8,10.9,44.5,1.6,4.3,37.4,51.8
Jalen Crutcher,NOP,1,1,0,2.7,0,0,0,-,-,-,-,-
Jalen Green,HOU,82,41,41,31.7,6.2,2.4,6.8,35.4,1.4,4.1,33.5,45.6
Jalen Hood-Schifino,LAL,21,10,11,5.2,0.4,0.2,1.1,16.7,0,0.5,10,18.8
Jalen Pickett,DEN,27,20,7,4.5,0.6,0.2,0.9,26.1,0.1,0.6,18.8,32.6
Jalen Suggs,ORL,75,43,32,27,2.2,0.9,2.4,36,0.5,1.3,37.8,46.3
Jalen Williams,OKC,71,51,20,31.3,5.7,2.6,5.2,50.1,0.6,1.3,42.1,55.6
Jamal Murray,DEN,59,44,15,31.5,8.8,3.7,8.3,44.9,1.3,3.1,42.4,52.8
Jamaree Bouyea,SAS,9,2,7,10.5,0.4,0.2,0.9,25,0,0.4,0,25
James Bouknight,CHA,14,0,14,5.8,1.5,0.5,1.3,38.9,0.5,1.1,46.7,58.3
James Harden,LAC,72,46,26,34.3,6.5,2.4,6.1,39.4,1.7,4.5,38.5,53.8
Jared Butler,WAS,40,6,34,14.1,1.4,0.6,1.4,39.3,0.3,0.9,32.4,50
Jared Rhoden,DET,17,2,15,14.4,1.6,0.8,1.6,48.1,0.1,0.3,40,51.9
Jason Preston,UTA,7,2,5,10.2,0.6,0.3,1,28.6,0,0.1,0,28.6
Javon Freeman-Liberty,TOR,22,3,19,18.3,1,0.5,1.2,37,0,0.5,8.3,38.9
Javonte Green,CHI,9,5,4,25.6,0,0,0.2,0,0,0,-,0
Javonte Smart,PHI,1,1,0,0.7,0,0,0,-,-,-,-,-
Jaylen Brown,BOS,70,52,18,33.5,5.8,2.5,5.9,42.4,0.8,2.4,35.1,49.5
Jaylen Nowell,DET,13,3,10,16.4,2.5,1.2,2.5,50,0.1,0.6,12.5,51.6
Jayson Tatum,BOS,74,57,17,35.7,8.3,3.2,8.7,36.3,2,5.6,34.9,47.5
Jeff Dowtin Jr.,PHI,12,7,5,11.8,1.4,0.5,1.3,40,0.4,1.1,38.5,56.7
Jerome Robinson,GSW,22,17,5,3.7,0,0,0.1,0,0,0.1,0,0
Jett Howard,ORL,18,9,9,3.7,0.4,0.2,0.7,23.1,0.1,0.6,18.2,30.8
Jevon Carter,CHI,72,35,37,13.9,2.2,0.9,2.4,37.5,0.3,1.2,27.1,44
Joe Harris,DET,16,4,12,10.6,0,0,0.1,0,0,0.1,0,0
Joe Ingles,ORL,68,42,26,17.2,0.5,0.2,0.8,22.6,0.2,0.7,22,33
John Konchar,MEM,55,18,37,21.3,0,0,0.2,0,0,0.2,0,0
Johnny Davis,WAS,50,8,42,12.3,0.3,0.1,0.6,24.1,0,0.1,25,25.9
Johnny Juzang,UTA,20,5,15,18.6,0.4,0.2,0.8,20,0.1,0.5,22.2,26.7
Jordan Clarkson,UTA,55,22,33,30.6,4.3,1.8,5.2,35,0.7,2.6,25,41.3
Jordan Ford,SAC,6,2,4,3.6,0.8,0.3,0.7,50,0.2,0.2,100,62.5
Jordan Goodwin,MEM,57,30,27,18.5,1.6,0.7,2.1,33.1,0.2,0.7,26.2,37.7
Jordan Hawkins,NOP,67,38,29,17.3,1.5,0.7,1.9,35.2,0.2,0.7,28,40.8
Jordan McLaughlin,MIN,56,35,21,11.2,0.4,0.2,0.4,42.9,0.1,0.3,46.7,59.5
Jordan Miller,LAC,8,5,3,3.5,0,0,0.3,0,0,0,-,0
Jordan Poole,WAS,78,15,63,30.1,5.5,2.2,6.4,34.6,1.1,3.5,30.4,42.9
Jordan Walsh,BOS,9,9,0,9.3,0,0,0,-,0,0,-,-
Jose Alvarado,NOP,56,38,18,18.4,0.9,0.4,1.1,33.3,0.2,0.7,35.1,44.2
Josh Giddey,OKC,80,56,24,25.1,1.2,0.6,1.3,45.2,0,0.2,20,46.6
Josh Green,DAL,57,32,25,26.4,0.6,0.2,0.6,38.9,0.1,0.2,36.4,44.4
Josh Hart,NYK,81,49,32,33.4,1.5,0.6,2,31.7,0.2,0.8,26.5,37.2
Josh Okogie,PHX,60,37,23,16,0.2,0.1,0.3,37.5,0,0.1,20,40.6
Josh Richardson,MIA,43,24,19,25.6,1.3,0.6,1.7,36.5,0.1,0.3,21.4,38.5
Joshua Primo,LAC,2,2,0,5.1,0,0,0,-,-,-,-,-
Jrue Holiday,BOS,69,53,16,32.8,3.7,1.4,3.5,39.9,0.9,2.2,39.3,52.1
Jules Bernard,WAS,19,2,17,7.9,0.7,0.3,0.6,45.5,0.2,0.5,44.4,63.6
Julian Strawther,DEN,50,34,16,10.9,0.8,0.3,0.9,37.2,0.1,0.4,31.6,44.2
Justin Champagnie,WAS,15,3,12,15.7,0.4,0.1,0.5,28.6,0.1,0.4,33.3,42.9
Justin Holiday,DEN,58,38,20,14.9,0.7,0.3,0.6,44.4,0.1,0.2,46.2,52.8
Keldon Johnson,SAS,69,17,52,29.5,1.4,0.5,1.6,32.7,0.3,1,28.6,41.6
Kelly Oubre Jr.,PHI,68,40,28,30.2,2,0.8,2.5,32.5,0.4,1.3,31.5,40.8
Kendall Brown,IND,15,10,5,4.2,0,0,0.1,0,0,0,-,0
Kenrich Williams,OKC,69,49,20,14.9,0.3,0.1,0.5,22.9,0,0.2,25,27.1
Kentavious Caldwell-Pope,DEN,76,54,22,31.6,2.3,1,2.1,46.6,0.3,0.7,45.1,53.7
Keon Ellis,SAC,57,33,24,17.2,1.4,0.5,1.2,40.8,0.4,0.9,40.8,54.9
Keon Johnson,BKN,5,0,5,12.3,0.4,0.2,1.4,14.3,0,0.8,0,14.3
Kevin Huerter,SAC,64,37,27,24.4,2.1,0.8,1.9,41.9,0.5,1.2,41.6,54.8
Kevon Harris,ORL,2,1,1,3,1,0.5,1,50,-,-,-,50
Keyonte George,UTA,75,27,48,27,4,1.5,4.3,36.4,0.9,2.7,34.5,47.5
Killian Hayes,DET,42,7,35,24,3.2,1.5,3.6,42.8,0.1,0.4,31.3,44.4
Kira Lewis Jr.,UTA,28,10,18,9.4,0.5,0.2,0.8,26.1,0,0.3,14.3,28.3
Klay Thompson,GSW,77,41,36,29.7,4.3,1.8,4.2,44.4,0.6,1.5,41.4,51.9
Kobe Bufkin,ATL,17,8,9,11.5,2.9,1.3,3,43.1,0.3,1,29.4,48
Kobi Simmons,TOR,4,0,4,16.9,2.3,1,1.3,80,0.3,0.3,100,90
Kris Dunn,UTA,66,25,41,18.9,0.5,0.2,0.5,40.6,0.1,0.2,30.8,46.9
Kyle Anderson,MIN,79,55,24,22.6,0.8,0.4,1,42.3,0,0.1,14.3,42.9
Kyle Lowry,PHI,60,32,28,28.2,2.2,0.8,2.2,37.9,0.6,1.4,38.8,50.4
Kyrie Irving,DAL,58,39,19,35,9.1,3.8,8.6,44.9,1.4,3.6,39.5,53.2
LaMelo Ball,CHA,22,7,15,32.3,6,2.2,6.7,33.3,1.5,4.5,34.7,44.9
Landry Shamet,WAS,46,6,40,15.8,1.3,0.6,1.5,38.6,0.1,0.7,18.2,42.9
Lester Quinones,GSW,37,24,13,10.7,1,0.4,1,37.8,0.2,0.6,37.5,50
Lindell Wigginton,MIL,3,3,0,2.5,0,0,0,-,0,0,-,-
Lonnie Walker IV,BKN,58,23,35,17.4,2.7,1,2.9,35.7,0.6,1.6,39.4,46.7
Luguentz Dort,OKC,79,54,25,28.4,1.2,0.5,1.2,41.2,0.2,0.5,36.6,49
Luka Dončić,DAL,70,46,24,37.5,14.9,5.9,14.2,41.3,3.2,8.4,37.8,52.5
Luke Kennard,MEM,39,15,24,25.6,1.9,0.8,2.4,32.6,0.4,1.3,30.6,40.8
Malachi Flynn,DET,69,28,41,12.7,1.9,0.8,1.9,40.5,0.4,1.1,32.9,50
Malcolm Brogdon,POR,39,15,24,28.7,4.2,1.8,5.3,34.1,0.6,2.1,28.8,39.7
Malcolm Cazalon,DET,1,0,1,2.6,0,0,0,-,-,-,-,-
Malik Beasley,MIL,79,46,33,29.6,2.2,0.8,2.1,39.5,0.5,1.5,35.7,51.8
Malik Monk,SAC,72,42,30,26,4.3,1.8,4.5,39.3,0.8,2.5,32.2,48
Marcus Sasser,DET,71,11,60,19,4.1,1.7,4.2,40.3,0.7,1.9,37.7,49
Marcus Smart,MEM,20,7,13,30.2,2.6,1.2,3.1,37.1,0.3,1.5,20.7,41.9
Markelle Fultz,ORL,43,25,18,21.2,1.4,0.7,2,36.9,0,0.1,0,36.9
Markquis Nowell,TOR,1,0,1,3.5,0,0,0,-,-,-,-,-
Mason Jones,SAC,5,3,2,5.5,0,0,0.8,0,0,0.8,0,0
Matisse Thybulle,POR,65,18,47,22.9,0.2,0.1,0.4,19.2,0,0.3,14.3,25
Max Christie,LAL,67,38,29,14.1,0.8,0.4,0.9,39.3,0.1,0.3,22.7,43.4
Max Strus,CLE,70,43,27,32,0.8,0.3,1,29,0.2,0.8,24.1,38.4
Mikal Bridges,BKN,82,32,50,34.8,4.5,2,5.2,38.5,0.5,1.5,33.9,43.6
Mike Conley,MIN,76,53,23,28.9,4.5,1.6,3.9,42.3,1.3,2.7,45.7,58.5
Miles McBride,NYK,68,42,26,19.5,2.3,1,2.3,41.4,0.4,1.1,37.2,50.6
Monté Morris,MIN,33,21,12,14.4,1.5,0.7,2,35.8,0.1,0.5,16.7,38.1
Moses Moody,GSW,66,38,28,17.5,0.9,0.4,0.9,41,0.2,0.3,52.2,50.8
Nassir Little,PHX,45,28,17,10.2,0.3,0.1,0.3,40,0,0.2,28.6,46.7
Nate Hinton,HOU,15,8,7,5,0.8,0.3,0.5,57.1,0.3,0.3,80,85.7
Nate Williams,HOU,22,11,11,5.9,0,0,0,0,0,0,-,0
Nick Smith Jr.,CHA,51,9,42,14.3,1.7,0.7,2.4,31.4,0.3,0.7,34.2,36.8
Nickeil Alexander-Walker,MIN,82,56,26,23.4,1.1,0.5,1.4,33.3,0.2,0.9,28.6,42.3
Nicolas Batum,PHI,60,36,24,25.5,0.4,0.1,0.4,36.4,0.1,0.3,37.5,50
Norman Powell,LAC,76,48,28,26.2,2.8,1.2,2.9,39.5,0.5,1.5,31,47.3
OG Anunoby,NYK,50,31,19,34,1.7,0.8,2,38.8,0.2,0.7,24.2,42.9
Ochai Agbaji,TOR,78,31,47,21,0.5,0.2,0.6,34,0.1,0.3,33.3,43.6
Oshae Brissett,BOS,55,46,9,11.5,0.1,0.1,0.2,23.1,0,0.1,0,23.1
Pat Connaughton,MIL,76,45,31,22.1,0.4,0.1,0.3,45.8,0.1,0.3,45.5,66.7
Pat Spencer,GSW,6,4,2,4.3,0,0,0,-,0,0,-,-
Patrick Beverley,MIL,73,43,30,20,1,0.4,1.2,32.2,0.2,0.7,31.3,40.6
Patty Mills,MIA,32,15,17,13,1.2,0.5,1.3,41.5,0.2,0.5,29.4,47.6
Payton Pritchard,BOS,82,64,18,22.3,2.4,1,2.4,40.6,0.4,1.4,30.6,49.2
Peyton Watson,DEN,80,56,24,18.6,0.7,0.3,0.8,42.9,0,0.2,16.7,44.4
Quentin Grimes,DET,51,32,19,20.1,1,0.3,1.3,25.8,0.3,1,28.8,37.1
Quenton Jackson,IND,3,3,0,3.5,0,0,0,-,-,-,-,-
R.J. Hampton,MIA,8,3,5,9.5,0.3,0.1,0.3,50,0,0,-,50
RJ Barrett,TOR,58,26,32,31.7,0.7,0.3,1.1,31.3,0.1,0.2,23.1,33.6
Rayan Rupert,POR,39,7,32,16.2,0.6,0.2,0.7,29.6,0.2,0.4,46.7,42.6
Reggie Bullock Jr.,HOU,44,24,20,9.5,0.3,0.1,0.3,41.7,0.1,0.2,50,58.3
Reggie Jackson,DEN,82,57,25,22.2,2.7,1.1,3.2,35.1,0.4,1.3,31.4,41.3
Ricky Council IV,PHI,32,15,17,9,0.3,0.2,0.4,38.5,0,0.2,20,42.3
Ron Harper Jr.,TOR,1,1,0,3.7,0,0,0,-,-,-,-,-
Russell Westbrook,LAC,68,45,23,22.5,1.4,0.6,1.7,36,0.2,0.5,31.4,40.8
Ryan Arcidiacono,NYK,20,15,5,2.3,0,0,0,-,0,0,-,-
Ryan Rollins,MIL,13,1,12,6,0.5,0.2,0.5,42.9,0.1,0.1,100,50
Saben Lee,PHX,24,15,9,7.7,0.2,0.1,0.3,33.3,0,0.1,0,33.3
Saddiq Bey,ATL,63,28,35,32.7,1.2,0.4,1.6,28.3,0.3,1.1,30.4,38.9
Sam Merrill,CLE,61,36,25,17.5,1.2,0.4,1.5,27,0.4,1.3,28.8,39.9
Scoot Henderson,POR,62,18,44,28.5,5,2.1,5.5,37.9,0.8,2.3,33.3,44.8
Scottie Barnes,TOR,60,22,38,34.9,2.1,1,3.1,31.7,0.2,1.1,17.5,34.7
Scotty Pippen Jr.,MEM,21,5,16,25.1,2.3,1,2.5,38.5,0.4,1,38.1,46.2
Seth Curry,CHA,44,25,19,14,1.2,0.5,1.8,31.2,0.1,0.4,26.3,34.4
Seth Lundy,ATL,9,2,7,5.8,0.2,0.1,0.1,100,0,0,-,100
Shaedon Sharpe,POR,32,8,24,33.1,5,2,5.8,34.2,1,3.4,29.6,42.8
Shai Gilgeous-Alexander,OKC,75,55,20,34,10.4,4.7,10,47.6,0.9,2.6,35.6,52.2
Shake Milton,NYK,48,32,16,12.1,1.1,0.5,1.4,38.5,0.1,0.4,23.5,41.5
Shaquille Harrison,MEM,3,1,2,2,0,0,0,-,-,-,-,-
Sidy Cissoko,SAS,12,5,7,11.7,0,0,0.1,0,0,0,-,0
Skylar Mays,LAL,38,14,24,11.4,1.2,0.6,1.3,42,0.1,0.3,30.8,46
Spencer Dinwiddie,LAL,76,38,38,28.3,1.9,0.7,2.5,29.8,0.4,1.7,26,38.8
Stanley Umude,DET,24,4,20,12.8,0.3,0.1,0.5,27.3,0,0.1,50,31.8
Stephen Curry,GSW,74,43,31,32.7,9,3.4,8.9,38,2.3,6.1,37.3,50.7
Svi Mykhailiuk,BOS,41,32,9,10.1,1,0.4,0.9,41.7,0.3,0.7,48.1,59.7
T.J. McConnell,IND,71,40,31,18.2,2.4,1.2,2.4,48,0.1,0.2,42.9,49.7
Talen Horton-Tucker,UTA,51,14,37,19.8,1.8,0.7,2.6,26.1,0.4,1.4,28.2,33.6
Taze Moore,POR,4,1,3,10.1,0,0,0,-,0,0,-,-
Terance Mann,LAC,75,47,28,25,1,0.4,1.1,41.3,0.2,0.5,35.3,48.8
Terquavion Smith,PHI,16,8,8,5.3,0.4,0.1,0.8,16.7,0.1,0.6,22.2,25
Terry Rozier,MIA,61,22,39,33.4,7.4,3,7.3,41.2,1.4,3.8,37.6,50.8
Theo Maledon,PHX,17,5,12,12.5,0.4,0.2,0.9,18.8,0.1,0.5,12.5,21.9
Tim Hardaway Jr.,DAL,79,49,30,26.8,4.2,1.7,4.4,38.3,0.8,2.2,34.5,47
Trae Young,ATL,54,22,32,36,10.9,4.2,10.4,40.4,2.4,6.5,37.3,52
Tre Jones,SAS,77,21,56,27.8,1.2,0.6,1.7,32.3,0.1,0.5,23.8,36.1
Tre Mann,CHA,41,21,20,24.1,2.5,1,2.8,35.3,0.5,1.5,33.9,44.4
Trent Forrest,ATL,38,18,20,10.9,0.3,0.1,0.5,27.8,0,0.1,0,27.8
Trevelin Queen,ORL,14,5,9,11.8,0.4,0.1,0.8,18.2,0.1,0.6,12.5,22.7
Troy Brown Jr.,DET,59,30,29,14,0.7,0.3,0.8,35.4,0.1,0.4,28.6,41.7
Ty Jerome,CLE,2,1,1,7.4,0,0,0,-,0,0,-,-
TyTy Washington Jr.,MIL,11,5,6,5.1,0.4,0.2,1,18.2,0,0.1,0,18.2
Tyler Herro,MIA,42,23,19,33.5,8.1,3.4,7.9,42.7,1.4,3.7,37,51.4
Tyrese Haliburton,IND,69,40,29,32.2,8.8,3.4,8.4,40.4,2,5.8,34.6,52.3
Tyrese Maxey,PHI,70,43,27,37.5,7.4,2.9,8.3,34.6,1.6,4.9,32.8,44.3
Tyus Jones,WAS,66,11,55,29.3,3.7,1.7,3.7,44.9,0.4,1.1,38.7,50.8
Vasilije Micic,CHA,60,34,26,19.6,2,0.8,2.4,32.9,0.4,1.4,27.7,40.8
Vince Williams Jr.,MEM,52,18,34,27.6,1,0.4,1.1,35.7,0.2,0.7,34.3,46.4
Vít Krejčí,ATL,22,9,13,24.6,0.9,0.4,1,34.8,0.2,0.7,26.7,43.5
Wendell Moore Jr.,MIN,25,18,7,3,0.1,0,0.2,20,0,0.1,0,20
Wesley Matthews,ATL,36,11,25,11.5,0.4,0.1,0.6,22.7,0.1,0.4,31.3,34.1
Xavier Moon,LAC,14,7,7,8.5,1.9,0.9,1.6,52.2,0.1,0.4,33.3,56.5
Yuta Watanabe,MEM,34,18,16,13.7,0.2,0.1,0.4,23.1,0,0.1,0,23.1
Zach LaVine,CHI,25,10,15,34.9,7.2,2.8,6.9,40.5,1.6,4.3,36.4,51.7
Zavier Simpson,MEM,7,1,6,23.1,1,0.4,2.1,20,0.1,0.7,20,23.3
Tim Frazier,CLE,12,1,11,17.3,1.1,0.4,1.8,23.8,0.3,0.6,42.9,31
Tim Hardaway Jr.,DAL,42,24,18,29.6,4.4,1.9,5.1,36.4,0.7,2.2,31.9,43.2
Timothe Luwawu-Cabarrot,ATL,52,30,22,13.2,0.4,0.2,0.3,50,0.1,0.2,62.5,65.6
Tomas Satoransky,WAS,55,21,34,16.5,0.7,0.3,1,29.8,0,0.2,22.2,31.6
Tony Snell,NOP,53,19,34,15.5,0.3,0.1,0.3,38.9,0,0.1,28.6,44.4
Trae Young,ATL,76,40,36,34.9,12.7,5.1,12,42.4,2.6,6.9,37,53
Trayvon Palmer,DET,1,0,1,16.8,0,0,0,-,-,-,-,-
Tre Jones,SAS,69,32,37,16.6,1.4,0.7,1.5,44.8,0,0.2,13.3,45.7
Tre Mann,OKC,60,17,43,22.8,4.3,1.7,4.5,38.1,0.9,2.5,34.2,47.8
Tremont Waters,WAS,3,0,3,16.8,1.7,0.7,3.3,20,0.3,2.7,12.5,25
Trent Forrest,UTA,60,36,24,12.8,0.3,0.1,0.3,38.9,0,0.1,20,41.7
Trevelin Queen,HOU,10,1,9,7.4,1.5,0.5,1.1,45.5,0.5,1.1,45.5,68.2
Trey Burke,DAL,42,24,18,10.5,1.8,0.8,2.5,33.7,0.2,0.6,25.9,37
Troy Brown Jr.,CHI,66,37,29,16,0.3,0.1,0.4,29.6,0,0.1,25,33.3
Ty Jerome,OKC,48,15,33,16.7,1.7,0.7,2.1,35.4,0.3,1,24.5,41.4
Tyler Hall,NYK,1,1,0,1.9,0,0,0,-,-,-,-,-
Tyler Herro,MIA,66,44,22,32.6,7.5,3.1,8.2,38.4,1.3,3.4,37.5,46.2
Tyler Johnson,SAS,6,2,4,15.2,0.3,0.2,1,16.7,0,0.2,0,16.7
Tyrell Terry,MEM,2,2,0,1.5,1,0.5,0.5,100,-,-,-,100
Tyrese Haliburton,IND,77,26,51,35,6.8,2.8,6.4,43.4,1.2,3.1,40.4,53
Tyrese Maxey,PHI,75,45,30,35.3,5,2.1,5.2,40.2,0.8,1.9,40.3,47.6
Tyrone Wallace,NOP,6,4,2,12.5,0,0,0.5,0,0,0.2,0,0
Tyus Jones,MEM,73,51,22,21.2,3,1.4,3.4,40.8,0.2,0.6,30.4,43.6
Victor Oladipo,MIA,8,4,4,21.6,4.1,1.6,3.8,43.3,0.9,2,43.8,55
Vít Krejčí,OKC,30,8,22,23,0.8,0.3,0.9,33.3,0.2,0.6,35.3,44.4
Wayne Ellington,LAL,43,15,28,18.8,1.2,0.4,1.4,29.5,0.3,1.2,29.4,41.8
Wayne Selden,NYK,3,2,1,6.4,1,0.3,0.3,100,0.3,0.3,100,150
Wesley Matthews,MIL,49,33,16,20.5,0.2,0.1,0.5,17.4,0,0.4,11.1,21.7
Will Barton,DEN,71,41,30,32.1,3.8,1.5,4,37.7,0.8,2.3,33.8,47.2
Xavier Moon,LAC,10,7,3,13.7,3.6,1.7,2.8,60.7,0.2,0.5,40,64.3
Yuta Watanabe,TOR,38,21,17,11.7,0.3,0.1,0.4,29.4,0,0.1,0,29.4
Zach LaVine,CHI,67,37,30,34.7,7.6,3.1,8.5,36.6,1.4,4.3,33.3,45.1
Zavier Simpson,OKC,4,1,3,43.5,2,1,3,33.3,0,0.8,0,33.3