PLAYER,TEAM,GP,Poss,Freq%,PPP,PTS,FGM,FGA,FG%,eFG%,"FTFreq%","TOVFreq%","SFFreq%","And OneFreq%","ScoreFreq%",Percentile
Trae Young,ATL,54,12,45.6,0.98,11.7,3.7,8.4,43.5,53,14.1,17.8,10.4,2.3,42.4,81.1
Dejounte Murray,ATL,78,7.5,32.9,0.86,6.4,2.6,6.2,41.5,46.3,5.8,12.2,5,0.9,39.2,51.5
Bogdan Bogdanović,ATL,79,2.3,14.1,1.08,2.5,0.9,1.7,53.3,61.3,7.2,17.8,6.1,1.1,46.7,94.1
De'Andre Hunter,ATL,57,1.2,8.1,1.22,1.4,0.5,1,54.4,63.2,10.4,9,9,4.5,52.2,98.4
Jalen Johnson,ATL,56,1,6.3,0.78,0.8,0.3,0.7,41.5,45.1,10.9,16.4,10.9,1.8,36.4,32.9
Kobe Bufkin,ATL,17,2.4,38.1,1,2.4,1,2.1,47.2,52.8,7.5,5,5,2.5,47.5,86.6
Saddiq Bey,ATL,63,0.6,4.4,0.97,0.6,0.2,0.5,40.6,46.9,10.8,8.1,10.8,5.4,40.5,79.8
Trent Forrest,ATL,38,1.5,47.5,0.58,0.9,0.3,1.1,26.8,26.8,12.3,17.5,8.8,1.8,29.8,9.8
Vít Krejčí,ATL,22,0.9,15,0.84,0.7,0.3,0.5,58.3,66.7,0,36.8,0,0,36.8,47.9
Cam Thomas,BKN,66,6.7,30.4,0.91,6.1,2.3,5.4,41.6,45.5,10.9,10.6,10.6,2.5,41.9,62.2
Mikal Bridges,BKN,82,4.6,23.7,0.85,3.9,1.5,3.5,41.8,45.3,10.4,15.7,9.3,2.1,39.7,49.8
Spencer Dinwiddie,BKN,48,4.4,33.4,0.84,3.7,1.3,3.3,37.5,41.6,17.1,12.4,17.1,5.7,39,48.2
Dennis Schröder,BKN,29,6.5,40.4,0.81,5.2,2.1,5,42.8,47.2,6.4,18.6,5.3,2.1,37.2,39.4
Lonnie Walker IV,BKN,58,2.4,24.2,0.83,2,0.8,1.9,41.6,46.9,5.8,13.8,5.8,1.4,38.4,45.9
Cameron Johnson,BKN,58,1.7,13.3,0.86,1.4,0.6,1.5,42.4,45.9,7.3,6.3,7.3,2.1,41.7,53.7
Dennis Smith Jr.,BKN,56,1.6,20.6,0.76,1.2,0.4,1.1,42.4,44.1,12.4,24.7,12.4,3.4,37.1,30
Royce O'Neale,BKN,49,0.6,7.8,0.8,0.5,0.2,0.4,38.1,50,6.7,23.3,6.7,0,33.3,38.2
Jalen Wilson,BKN,43,0.4,7.3,0.88,0.3,0.1,0.3,50,50,6.3,18.8,0,0,43.8,57.8
Dorian Finney-Smith,BKN,68,0.2,2,1.08,0.2,0.1,0.1,50,65,0,16.7,0,0,41.7,94.1
Jayson Tatum,BOS,73,5.4,22.2,0.95,5.2,1.8,4.3,41.9,51.4,8.3,13.6,7.8,1.3,40.3,76.2
Derrick White,BOS,72,3.8,27.8,0.97,3.7,1.3,3,44,51.4,9.8,14.5,8.7,2.5,41.7,79.2
Jaylen Brown,BOS,69,3.6,16.3,0.94,3.3,1.4,2.8,48,52.6,6.9,15.4,5.3,1.6,42.5,72
Payton Pritchard,BOS,81,1.9,21.3,0.97,1.8,0.7,1.6,46.5,51.9,5.9,11.1,5.9,1.3,43.1,78.5
Jrue Holiday,BOS,68,2.4,19.8,0.74,1.8,0.7,1.9,39.1,44.9,2.4,20,1.8,0,32.7,26.7
Sam Hauser,BOS,78,0.2,2.5,0.73,0.1,0.1,0.2,26.7,36.7,0,0,0,0,26.7,25.4
Dalano Banton,BOS,23,0.7,25.8,0.59,0.4,0.1,0.5,25,25,11.8,17.6,11.8,0,29.4,10.4
Oshae Brissett,BOS,55,0.2,4.7,0.7,0.1,0,0.1,28.6,28.6,30,10,30,10,30,21.2
Svi Mykhailiuk,BOS,41,0.2,6.5,0.6,0.1,0,0.2,25,31.3,10,10,10,0,30,11.4
Brandon Miller,CHA,74,5,28.9,0.87,4.4,1.7,4.1,41.9,45.5,8.6,12.1,8.1,1.9,40.4,56
Terry Rozier,CHA,30,7.6,34.3,1.11,8.5,3.2,6.5,49.5,58.2,7.5,9.2,6.1,1.8,47.8,96.4
LaMelo Ball,CHA,22,11.1,44.8,0.98,10.9,4,8.6,46.6,53.2,9.8,15.5,9,2.4,43.3,80.8
Vasilije Micic,CHA,30,7,56.1,0.92,6.5,2.4,5.1,47.4,52.6,9,19.4,8.1,1.4,42.2,68.7
Miles Bridges,CHA,69,3.1,15.2,0.89,2.8,1.1,2.6,41.6,47.5,6.9,12,6.5,0.9,40.1,59.3
Tre Mann,CHA,28,5.8,45.5,0.8,4.6,1.9,4.3,43,46.3,8,19.8,7.4,2.5,36.4,36.2
Gordon Hayward,CHA,25,4.1,26.8,0.83,3.4,1.3,3,43.2,43.9,12.7,15.7,11.8,1,42.2,45.9
Bryce McGowens,CHA,59,1,20.5,1.05,1.1,0.4,0.8,53.3,57.8,13.1,14.8,11.5,1.6,50.8,89.9
Nick Smith Jr.,CHA,51,1.7,26,0.68,1.2,0.5,1.4,34.3,40.7,1.1,18.4,1.1,0,28.7,18.2
Ish Smith,CHA,43,2.1,43.8,0.57,1.2,0.6,1.7,36.6,36.6,0,22,0,0,28.6,9.2
Cody Martin,CHA,28,2.5,26,0.69,1.8,0.7,1.9,37,44.4,4.2,22.5,4.2,2.8,28.2,20.5
P.J. Washington,CHA,44,0.7,5.2,0.75,0.5,0.2,0.6,35.7,41.1,6.3,9.4,6.3,3.1,31.3,28.3
Seth Curry,CHA,8,2.8,32.4,0.73,2,0.8,2.3,33.3,33.3,13.6,9.1,13.6,4.5,36.4,24.3
Theo Maledon,CHA,13,1.3,19.5,0.41,0.5,0.2,1,23.1,26.9,0,23.5,0,0,17.6,2.6
Aleksej Pokusevski,CHA,18,0.7,9.5,0.39,0.3,0.1,0.4,12.5,12.5,15.4,23.1,15.4,0,23.1,2
DeMar DeRozan,CHI,79,8.1,36.8,1.06,8.6,3.1,6.2,50.4,50.9,19.5,8.9,17.6,4.4,53,92.5
Coby White,CHI,79,6.1,32.3,0.93,5.7,2.3,4.6,49.2,51.5,11,16.4,10,2.9,45,69.1
Ayo Dosunmu,CHI,76,2.4,21.1,0.91,2.2,0.9,1.9,51.1,55,5.5,18.6,4.9,1.1,43.7,64.5
Zach LaVine,CHI,25,6.2,32.7,0.94,5.8,2.1,5.1,41.7,47.6,9.1,8.4,7.8,0,43.5,72.6
Alex Caruso,CHI,71,1.8,18.4,0.93,1.7,0.6,1.2,50,58.3,10.9,24.2,10.2,0.8,42.2,69.7
Patrick Williams,CHI,43,1.5,14.8,0.85,1.3,0.6,1.3,44.4,47.2,4.5,13.6,4.5,0,40.9,49.5
Jevon Carter,CHI,72,0.9,15.8,0.77,0.7,0.3,0.8,38.2,43.6,1.6,12.5,0,0,34.4,30.3
Dalen Terry,CHI,59,0.4,10.5,0.59,0.2,0.1,0.2,35.7,35.7,22.7,18.2,18.2,4.5,31.8,10.7
Donovan Mitchell,CLE,55,9.7,38.6,0.95,9.2,3.3,7.7,42.9,50,10.5,11.5,9.2,1.5,42.4,76.5
Darius Garland,CLE,57,7.9,41.7,0.85,6.8,2.6,6.1,42.6,48.6,6.8,16.3,6,0.4,39.1,50.8
Caris LeVert,CLE,68,4.2,27.7,0.86,3.6,1.5,3.4,44.3,48.2,6.7,14.4,6.3,1.1,40.7,53.4
Craig Porter Jr.,CLE,51,2.2,37.5,0.98,2.1,0.9,1.7,51.1,52.8,10.8,11.7,10.8,1.8,47.7,81.8
Max Strus,CLE,70,1.1,9,0.59,0.7,0.2,0.7,28,35,7.6,30.4,6.3,1.3,24.1,11.1
Isaac Okoro,CLE,69,0.4,4.7,0.71,0.3,0.1,0.3,33.3,39.6,3.6,14.3,3.6,3.6,28.6,22.1
Evan Mobley,CLE,50,0.4,3.1,0.73,0.3,0.1,0.3,37.5,37.5,13.6,22.7,9.1,9.1,31.8,24.3
Georges Niang,CLE,82,0.3,3,0.73,0.2,0.1,0.2,36.8,42.1,0,13.6,0,0,31.8,24.3
Sam Merrill,CLE,61,0.4,5.2,0.68,0.2,0.1,0.3,33.3,41.7,0,18.2,0,0,27.3,19.3
Luka Dončić,DAL,70,10.6,33.8,1.07,11.3,4.1,7.7,53.2,61.8,13.2,18.1,12.2,4.2,46.9,93.5
Kyrie Irving,DAL,58,5.5,24.4,0.98,5.4,2.1,4.6,45.1,50.6,8.7,9.3,6.5,1.6,44.5,82.1
Jaden Hardy,DAL,73,2.1,26.4,0.82,1.7,0.7,1.7,40.3,44,6.6,11.8,4.6,0,39.5,40.7
Tim Hardaway Jr.,DAL,79,1.5,10.6,0.97,1.5,0.5,1.3,38,46.5,10.2,6.8,10.2,1.7,40.7,80.5
Danté Exum,DAL,55,1,15,0.72,0.7,0.3,0.8,38.1,40.5,8.8,17.5,8.8,0,36.8,22.5
Josh Green,DAL,57,0.4,5.4,0.72,0.3,0.1,0.2,50,53.6,12,32,12,0,36,22.9
Seth Curry,DAL,36,0.5,11,0.78,0.4,0.2,0.5,35.3,38.2,5.6,5.6,5.6,5.6,33.3,32.4
Derrick Jones Jr.,DAL,76,0.1,1.6,1,0.1,0,0.1,50,50,40,30,40,10,50,86.6
Jamal Murray,DEN,59,7,34.9,1.02,7.1,2.8,5.8,48.5,54.7,6.8,12.1,6.3,1.9,45.1,88.6
Reggie Jackson,DEN,82,4.2,38,0.83,3.5,1.4,3.5,41.5,46,4.9,13.7,4.1,1.2,38.1,46.9
Nikola Jokić,DEN,79,1.2,5.3,0.9,1.1,0.3,0.8,39.4,48.5,13.4,20.6,9.3,2.1,38.1,60.6
Christian Braun,DEN,82,0.7,10.2,0.89,0.7,0.3,0.6,42,49,8.2,13.1,8.2,3.3,39.3,59.6
Kentavious Caldwell-Pope,DEN,76,0.8,8.6,0.77,0.6,0.2,0.6,37,40.2,8.3,16.7,8.3,1.7,35,30.7
Michael Porter Jr.,DEN,81,0.5,3.4,0.85,0.4,0.2,0.5,40.5,47.3,0,9.8,0,0,36.6,50.5
Aaron Gordon,DEN,73,0.6,4.9,0.61,0.4,0.2,0.5,31.4,35.7,6.5,19.6,6.5,2.2,28.3,12.1
Peyton Watson,DEN,80,0.3,4,0.77,0.2,0.1,0.2,40,40,13.6,18.2,13.6,0,40.9,31.9
Julian Strawther,DEN,50,0.4,8.5,0.68,0.3,0.1,0.3,35.3,38.2,9.1,18.2,9.1,4.5,31.8,19.3
Cade Cunningham,DET,62,10.8,45.3,0.9,9.7,3.8,8.2,46.8,49.1,9.5,16.8,8.9,1.6,42.9,60.9
Marcus Sasser,DET,71,4.3,48.6,0.91,3.9,1.5,3.4,43.8,51,6.2,15.7,4.6,1,39.5,63.2
Jaden Ivey,DET,77,4.1,24.6,0.83,3.4,1.2,2.9,41.5,45.8,12.9,19.6,12.6,3.2,38.5,44.3
Malachi Flynn,DET,24,4.7,54.3,0.97,4.6,1.7,3.7,46.6,53.4,11.5,12.4,8.8,1.8,46,80.1
Bojan Bogdanovic,DET,28,3.8,19.7,1,3.8,1.4,2.7,52,59.3,8.6,21,7.6,1,44.8,86.6
Alec Burks,DET,43,2.5,21.8,0.94,2.3,0.7,1.9,33.7,41,15,8.4,15,0.9,40.2,73.3
Killian Hayes,DET,42,3,36.1,0.65,2,0.9,2.3,37.5,38.5,7.9,18.9,5.5,2.4,32.3,16.6
Evan Fournier,DET,29,1.9,23.5,0.89,1.7,0.6,1.4,43.9,46.3,10.9,16.4,10.9,1.8,41.8,59.9
Ausar Thompson,DET,63,0.5,4.7,1,0.5,0.2,0.3,61.9,64.3,10.3,20.7,10.3,3.4,48.3,86.6
Monte Morris,DET,6,2.8,47.2,0.88,2.5,1.2,2.8,41.2,44.1,0,0,0,0,41.2,59
Troy Brown Jr.,DET,22,0.5,8.7,0.73,0.4,0.2,0.5,40,40,0,9.1,0,0,36.4,24.3
Simone Fontecchio,DET,16,0.8,6,0.61,0.5,0.3,0.8,30.8,30.8,0,0,0,0,30.8,12.7
Quentin Grimes,DET,6,2.2,24.1,0.15,0.3,0,1.5,0,0,7.7,23.1,7.7,0,7.7,0.3
Stephen Curry,GSW,74,7.7,32.1,0.91,7.1,2.4,6.1,39.3,49.1,7.9,14.5,7.2,1,37.8,65.5
Chris Paul,GSW,58,4,41.5,0.93,3.8,1.6,3.5,46.8,50.5,3.8,11.1,3.4,0.9,43.2,70.4
Andrew Wiggins,GSW,71,1.8,13.4,0.91,1.6,0.6,1.5,41.9,45.2,10.9,8.6,10.9,1.6,43.8,65.1
Klay Thompson,GSW,77,1.5,9,0.94,1.4,0.6,1.2,47.3,54.8,3.4,17.1,2.6,0,41,72.3
Jonathan Kuminga,GSW,74,1.3,8.9,0.93,1.2,0.5,1,47.4,50,14.1,12.1,14.1,3,46.5,69.4
Brandin Podziemski,GSW,74,1.2,12.6,0.87,1.1,0.4,1,44,48.7,5.6,13.3,4.4,2.2,38.9,54.1
Draymond Green,GSW,55,0.4,4.3,0.87,0.4,0.1,0.3,42.1,42.1,13,8.7,13,4.3,43.5,55.4
Moses Moody,GSW,66,0.3,4.2,0.86,0.3,0.1,0.2,46.2,50,14.3,23.8,14.3,0,42.9,51.1
Cory Joseph,GSW,26,0.5,15.2,0.42,0.2,0.1,0.3,22.2,22.2,8.3,16.7,8.3,0,25,2.9
Jalen Green,HOU,82,8,39.3,0.9,7.2,2.5,6.3,40.4,47.9,10.5,13.7,8.4,2.4,39,61.9
Fred VanVleet,HOU,73,7.4,43.6,0.99,7.3,2.6,6,43.8,53.8,6.9,12.7,5.8,1.1,41.5,82.7
Aaron Holiday,HOU,78,1.9,29.6,1.03,1.9,0.8,1.6,51.2,56.1,4.1,11.6,3.4,0,47.3,88.9
Dillon Brooks,HOU,72,1.1,8.3,1.09,1.2,0.4,0.8,44.8,50.9,16.9,9.1,14.3,1.3,49.4,95.1
Amen Thompson,HOU,62,1.2,12.8,0.79,1,0.4,1,42.4,42.4,13,15.6,11.7,5.2,40.3,35.5
Cam Whitmore,HOU,47,1.3,10.4,0.92,1.1,0.5,1.1,43.1,46.1,10.2,6.8,10.2,3.4,44.1,66.1
Jabari Smith Jr.,HOU,76,0.4,3.4,0.73,0.3,0.1,0.4,30,35,5.9,5.9,2.9,0,32.4,25.7
Jeff Green,HOU,78,0.1,2.3,1.46,0.2,0.1,0.1,57.1,71.4,27.3,9.1,27.3,0,63.6,99.3
Alperen Sengun,HOU,63,0.3,1.2,0.75,0.2,0.1,0.2,33.3,33.3,18.8,12.5,6.3,6.3,37.5,28.3
Tyrese Haliburton,IND,68,8.1,43.4,1.05,8.5,3.2,6.6,48.3,57.3,8.4,13,7.1,2.9,44.9,91.2
T.J. McConnell,IND,70,5.4,52.7,1.07,5.8,2.7,4.7,56.4,57.1,5.5,9.7,5.3,2.1,52.4,93.2
Andrew Nembhard,IND,67,3.3,34.5,0.83,2.8,1.2,2.7,45.9,47.5,3.6,15.3,3.6,0.5,40.5,45.9
Bennedict Mathurin,IND,58,3.3,22.6,0.86,2.8,1.1,2.6,40.9,46,10,14.2,10,2.6,38.9,51.8
Pascal Siakam,IND,41,2.2,11.8,0.94,2.1,0.9,2,46.3,48.8,5.4,6.5,5.4,1.1,45.7,71.3
Bruce Brown,IND,32,2.3,20.2,0.91,2.1,0.8,1.8,40.7,42.4,14.7,10.7,14.7,4,42.7,62.9
Aaron Nesmith,IND,71,0.6,5.6,0.83,0.5,0.2,0.5,38.9,41.7,9.5,7.1,9.5,2.4,40.5,45.9
Jarace Walker,IND,33,0.7,17.6,1,0.7,0.3,0.5,50,63.9,0,21.7,0,0,39.1,86.6
Buddy Hield,IND,51,0.7,6.4,0.51,0.4,0.1,0.5,25.9,33.3,2.7,24.3,2.7,0,21.6,7.2
Obi Toppin,IND,81,0.2,2.3,0.88,0.2,0.1,0.2,33.3,46.7,0,6.3,0,0,31.3,57.8
Ben Sheppard,IND,57,0.3,5.9,0.33,0.1,0,0.2,15.4,15.4,6.7,6.7,0,0,20,1
James Harden,LAC,72,5.3,33.5,0.95,5,1.6,3.8,42,51.1,12.6,18.9,11.8,3.4,39.1,75.9
Paul George,LAC,74,3.8,18.6,1.09,4.1,1.5,2.9,50.5,59.9,10.4,14.3,9.3,2.9,46.6,94.8
Kawhi Leonard,LAC,69,3.3,16.4,1,3.3,1.3,2.7,49.2,54.6,7.9,14,7,1.7,45.4,87.6
Norman Powell,LAC,76,1.5,12.5,0.81,1.2,0.5,1.3,36.1,38.7,9.7,7.1,8.8,2.7,38.1,40.1
Bones Hyland,LAC,37,2.4,29.2,0.92,2.2,0.9,1.9,45.7,55,3.4,19.1,2.2,1.1,38.2,67.8
Russell Westbrook,LAC,68,1.5,11.5,0.63,0.9,0.4,1,37.9,39.4,7.9,27.7,7.9,1,31.7,14.7
Amir Coffey,LAC,70,0.4,7.2,0.9,0.4,0.2,0.4,42.9,44.6,6.7,6.7,6.7,6.7,40,61.2
Brandon Boston,LAC,32,0.9,15,0.8,0.8,0.3,0.8,33.3,35.4,13.3,6.7,10,0,40,38.2
Terance Mann,LAC,75,0.2,2.9,1.06,0.2,0.1,0.2,42.9,53.6,11.8,5.9,11.8,0,47.1,92.2
Austin Reaves,LAL,81,5.2,34.8,1.05,5.4,2,3.8,51.8,59,12.2,18.4,10.5,3.8,46.1,90.2
D'Angelo Russell,LAL,75,6.1,34.9,0.92,5.6,2.1,4.6,45.5,50.9,9.9,16,8.1,1.3,42.6,67.4
LeBron James,LAL,70,4.4,18.7,0.91,4,1.5,3.1,48.1,53,12.3,19.5,11.4,1.9,43.5,63.9
Spencer Dinwiddie,LAL,28,1.7,25.3,0.83,1.4,0.4,1.2,30.3,33.3,18.8,14.6,18.8,2.1,37.5,45.9
Anthony Davis,LAL,75,0.5,2.4,0.87,0.5,0.1,0.3,42.3,46.2,25.6,10.3,20.5,2.6,43.6,56.7
Max Christie,LAL,66,0.8,17.6,0.65,0.5,0.2,0.7,34.9,34.9,5.8,11.5,5.8,0,32.7,16.9
Taurean Prince,LAL,77,0.4,5,0.91,0.4,0.2,0.3,50,58.3,6.1,24.2,6.1,3,39.4,63.9
Cam Reddish,LAL,47,0.5,8.4,0.92,0.5,0.1,0.3,46.7,46.7,20.8,16.7,16.7,0,50,66.4
Gabe Vincent,LAL,11,1.2,23.6,0.61,0.7,0.3,1,27.3,31.8,7.7,7.7,7.7,0,30.8,12.7
Rui Hachimura,LAL,67,0.2,1.8,0.5,0.1,0,0.2,25,25,7.1,7.1,7.1,0,28.6,5.9
Desmond Bane,MEM,42,6.5,29,0.99,6.5,2.5,5.6,45.5,53.2,5.1,11.3,4.7,1.8,42.2,83.1
GG Jackson,MEM,48,2.4,16.8,0.85,2.1,0.7,1.9,37,45.1,10.3,12,10.3,0.9,38.5,48.7
Ja Morant,MEM,10,9.9,44,0.97,9.6,3.7,7.7,48.1,51.3,13.1,13.1,11.1,4,46.5,78.8
Jaren Jackson Jr.,MEM,66,1.4,6.1,0.91,1.3,0.5,1,48.5,53,10.9,19.6,7.6,2.2,43.5,64.8
Scotty Pippen Jr.,MEM,21,4,29.6,0.87,3.5,1.2,2.6,45.5,48.2,14.3,21.4,13.1,1.2,41.7,55
Marcus Smart,MEM,20,4.5,27.8,0.77,3.5,1.5,3.2,46,49.2,5.6,25.6,3.3,1.1,36.7,30.7
Vince Williams Jr.,MEM,52,1.6,15.4,0.78,1.2,0.4,0.9,44.7,52.1,12.3,30.9,9.9,1.2,35.8,32.4
Derrick Rose,MEM,24,2.8,33,0.87,2.5,1,2.1,50,53,7.4,20.6,7.4,1.5,42.6,54.4
Jake LaRavia,MEM,35,1.5,13.6,0.69,1.1,0.3,1.1,27,32.4,13,18.5,11.1,0,31.5,19.9
Jacob Gilyard,MEM,37,1.2,25.4,0.82,1,0.4,0.8,46.7,60,0,31.8,0,0,31.8,41.3
Ziaire Williams,MEM,51,1.4,14.8,0.5,0.7,0.3,1,27.5,28.4,4.3,22.9,1.4,0,24.3,5.9
Jordan Goodwin,MEM,17,3.9,28.6,0.47,1.8,0.8,3.2,25.9,27.8,1.5,16.7,1.5,0,22.7,4.9
Luke Kennard,MEM,39,1.1,10.9,0.57,0.6,0.2,0.6,37.5,45.8,2.4,40.5,2.4,0,23.8,9.2
Santi Aldama,MEM,61,0.4,4,0.85,0.4,0.1,0.3,42.9,47.6,11.1,18.5,11.1,7.4,37,50.2
Jaylen Nowell,MEM,9,2,30,1.22,2.4,1.2,1.8,68.8,68.8,0,11.1,0,0,61.1,98
David Roddy,MEM,48,0.9,9.6,0.44,0.4,0.2,0.7,27.3,28.8,4.4,22.2,4.4,0,22.2,3.6
Lamar Stevens,MEM,19,1,8.3,0.95,0.9,0.4,0.9,44.4,44.4,10.5,5.3,10.5,10.5,42.1,74.4
Zavier Simpson,MEM,7,3.9,40.9,0.67,2.6,1,2.7,36.8,39.5,7.4,22.2,7.4,0,33.3,17.4
DeJon Jarreau,MEM,9,2.3,32.8,0.62,1.4,0.6,1.8,31.3,31.3,14.3,9.5,9.5,0,33.3,13.7
John Konchar,MEM,55,0.4,8,0.1,0,0,0.2,11.1,11.1,0,57.1,0,0,4.8,0
Tyler Herro,MIA,43,6.3,31,0.96,6,2.4,5.3,45,50.4,6.7,10,6.3,1.5,43,76.9
Jimmy Butler III,MIA,60,3.8,20.7,0.84,3.1,0.9,2.6,36.6,37.3,20.4,16,17.8,4.4,40.9,47.2
Terry Rozier,MIA,31,5.1,30.4,0.92,4.6,1.9,4.4,43.4,47.8,5.1,9.6,4.5,1.3,41.4,66.8
Duncan Robinson,MIA,68,2,17.2,0.87,1.8,0.6,1.5,42.4,52.5,7.2,23,5.8,1.4,36,55.7
Jaime Jaquez Jr.,MIA,75,1.6,13.4,0.83,1.3,0.5,1.1,47.6,48.2,10.1,21.8,10.1,0.8,41.2,44.6
Caleb Martin,MIA,64,1.4,13,0.82,1.1,0.5,1.1,42.9,45.7,8,14.8,6.8,2.3,38.6,41.3
Josh Richardson,MIA,43,1.5,16.4,0.91,1.4,0.6,1.3,47.3,49.1,4.5,12.1,1.5,0,43.9,63.9
Bam Adebayo,MIA,71,0.3,1.4,0.95,0.3,0.1,0.2,43.8,43.8,15.8,5.3,10.5,5.3,47.4,74.4
Delon Wright,MIA,14,1.2,22.1,0.82,1,0.3,0.9,30.8,30.8,23.5,0,23.5,0,47.1,42.8
Patty Mills,MIA,13,0.9,12.9,0.75,0.7,0.3,0.8,40,45,0,16.7,0,0,33.3,28.3
Damian Lillard,MIL,72,9.9,43.1,0.99,9.8,3.2,7.5,42.5,49.8,13,13.4,9.6,1.7,43.3,83.4
Giannis Antetokounmpo,MIL,72,3.3,12.1,1.15,3.8,1.4,2.3,61.1,63.3,24.4,15,23.1,8.5,57.7,97.1
Khris Middleton,MIL,54,4.1,27.6,0.88,3.6,1.5,3.2,46.5,51.7,5,18.5,4.5,0.9,40.1,58.3
Cameron Payne,MIL,46,1.6,27.7,1.05,1.7,0.6,1.3,50,56.9,9.6,13.7,9.6,2.7,46.6,91.5
Pat Connaughton,MIL,76,0.5,8.6,0.97,0.5,0.2,0.3,52,58,11.1,22.2,11.1,2.8,44.4,79.5
Patrick Beverley,MIL,26,1,16.3,0.74,0.8,0.3,0.8,31.8,31.8,11.1,7.4,7.4,0,37,27
Jae Crowder,MIL,50,0.2,3.9,1.33,0.3,0.1,0.2,50,66.7,0,0,0,0,50,98.7
AJ Green,MIL,55,0.3,6.7,0.64,0.2,0.1,0.2,25,37.5,0,14.3,0,0,21.4,15.4
MarJon Beauchamp,MIL,47,0.3,5.9,0.67,0.2,0.1,0.2,30,30,8.3,8.3,8.3,0,33.3,17.4
Anthony Edwards,MIN,79,7.3,28.6,0.95,6.9,2.5,5.5,44.9,49.8,12.7,14.8,11.3,3.3,43.2,74.9
Mike Conley,MIN,76,3.5,34.1,0.93,3.3,1.1,2.7,40.8,51.2,8.9,16.7,7.8,2.2,37.9,71
Kyle Anderson,MIN,79,1.5,20.2,0.71,1.1,0.4,1,35.9,35.9,15.1,20.2,14.3,0.8,37,21.5
Nickeil Alexander-Walker,MIN,82,1.3,16.4,0.63,0.8,0.3,1,33.8,36.3,6.6,19.8,5.7,1.9,30.2,14.3
Jaden McDaniels,MIN,72,0.6,5.3,0.82,0.5,0.2,0.5,47.1,47.1,2.5,12.5,2.5,0,42.5,43.3
Shake Milton,MIN,38,1,18.9,0.82,0.8,0.3,0.7,48.1,51.9,7.7,25.6,5.1,2.6,38.5,42
Karl-Anthony Towns,MIN,62,0.7,3.4,0.74,0.5,0.2,0.5,37.5,43.8,4.7,20.9,2.3,0,32.6,27.5
Monte Morris,MIN,27,1.1,22,0.86,0.9,0.4,1,39.3,41.1,3.4,0,0,0,41.4,52.8
Naz Reid,MIN,81,0.2,1.9,1.1,0.3,0.1,0.2,78.6,78.6,10,25,10,5,55,96.1
Jordan McLaughlin,MIN,56,0.4,12.1,1,0.4,0.1,0.3,50,60.7,9.5,23.8,4.8,0,42.9,86.6
Brandon Ingram,NOP,64,5.6,28,0.96,5.4,2.2,4.4,50.2,52.1,9.4,13.3,7.2,1.4,47.2,77.2
CJ McCollum,NOP,65,4.9,26.3,1.05,5.2,2,4.1,48.7,57.1,6.3,11.3,6,1.3,45.5,90.6
Zion Williamson,NOP,69,3.8,17.8,0.94,3.6,1.4,2.7,53,53,18.2,16.7,17,4.9,48.9,73
Herbert Jones,NOP,75,0.7,7.3,1.04,0.7,0.3,0.5,48.7,51.3,18.5,11.1,13,1.9,51.9,89.6
Trey Murphy III,NOP,57,0.7,5.7,1.35,0.9,0.3,0.6,52.8,68.1,10,5,7.5,5,52.5,99
Jose Alvarado,NOP,55,1.3,17.6,0.55,0.7,0.3,1.1,24.1,28.4,8.5,9.9,7,0,25.4,8.5
Naji Marshall,NOP,66,0.7,10.6,0.76,0.6,0.2,0.5,36.4,36.4,16.3,16.3,16.3,0,40.8,29.3
Dyson Daniels,NOP,60,0.8,12.8,0.72,0.6,0.3,0.6,40.5,40.5,6,20,6,0,36,22.9
Jordan Hawkins,NOP,67,0.5,6.8,0.64,0.3,0.1,0.4,31,32.8,5.6,13.9,2.8,0,30.6,15
Jalen Brunson,NYK,76,10.6,40.7,1.05,11.2,4.1,8.7,47.4,53.1,12.5,9.4,10.9,4,47.5,90.9
Immanuel Quickley,NYK,29,4.3,31.6,1.18,5.1,1.7,3.4,50,58.5,16,6.4,14.4,2.4,53.6,97.4
Donte DiVincenzo,NYK,80,1.7,11.5,0.95,1.6,0.6,1.3,46.7,55.2,5.3,17.3,5.3,1.5,40.6,74.4
Miles McBride,NYK,67,1.5,20.3,0.9,1.4,0.6,1.4,42.4,47.3,2.9,6.9,1,0,41.2,61.6
Julius Randle,NYK,45,2.5,10.3,0.73,1.8,0.7,1.7,40.3,44.2,9.7,24.8,8.8,2.7,34.5,23.8
RJ Barrett,NYK,25,3.4,18.4,0.74,2.6,1,2.8,37.7,38.4,8.1,14,8.1,2.3,36,27.5
Josh Hart,NYK,80,0.9,8.8,0.8,0.7,0.3,0.7,39.7,47.4,4.1,18.9,4.1,1.4,33.8,37.3
Alec Burks,NYK,23,3,35.8,0.65,2,0.7,2.5,25.9,30.2,10.1,7.2,10.1,1.4,30.4,16.3
Quentin Grimes,NYK,44,0.6,7.8,0.88,0.5,0.1,0.4,31.6,47.4,8,16,4,0,32,58.6
OG Anunoby,NYK,23,1.1,8.3,0.85,1,0.4,0.9,47.6,47.6,7.7,15.4,7.7,3.8,42.3,48.7
Bojan Bogdanovic,NYK,29,1.1,9.9,0.55,0.6,0.2,0.7,30,30,9.7,25.8,9.7,0,29,8.1
Malachi Flynn,NYK,14,1,45.2,0.64,0.6,0.2,0.7,30,35,14.3,14.3,7.1,0,35.7,15.4
Shai Gilgeous-Alexander,OKC,75,7.7,30.3,1.14,8.8,3.2,5.9,54.2,56.9,18.6,10.8,15.3,5.3,53.9,96.7
Jalen Williams,OKC,71,6.3,37,1,6.3,2.6,5.1,51.4,53.3,8.9,10.7,8.3,0.9,49.3,87.3
Josh Giddey,OKC,80,2.5,18.5,0.87,2.2,0.9,1.8,51,51.7,9.1,22.3,8.6,4.1,42.1,57.3
Luguentz Dort,OKC,79,0.8,7.6,0.95,0.7,0.3,0.6,47.7,51.1,19.7,14.8,19.7,6.6,45.9,75.2
Cason Wallace,OKC,82,0.7,10.9,0.87,0.6,0.3,0.5,51.2,53.5,3.6,20,3.6,1.8,41.8,57
Aaron Wiggins,OKC,78,0.5,7.8,1.06,0.5,0.2,0.3,60,68,8.3,27.8,8.3,5.6,44.4,91.9
Vasilije Micic,OKC,30,1.6,37.5,0.79,1.3,0.5,1.3,42.1,47.4,4.2,18.8,4.2,2.1,35.4,35.2
Chet Holmgren,OKC,82,0.4,2.8,1,0.4,0.1,0.2,40,42.5,26.5,14.7,26.5,0,50,86.6
Gordon Hayward,OKC,26,1,19,0.77,0.8,0.3,0.7,42.1,42.1,19.2,15.4,15.4,7.7,42.3,31.4
Tre Mann,OKC,14,1.2,34,0.82,1,0.5,1,50,50,0,17.6,0,0,41.2,42.8
Ousmane Dieng,OKC,33,0.5,12.1,0.53,0.3,0.1,0.4,28.6,28.6,5.9,17.6,5.9,5.9,23.5,7.5
Isaiah Joe,OKC,78,0.3,3.6,0.45,0.1,0.1,0.2,23.5,26.5,0,15,0,0,20,3.9
Paolo Banchero,ORL,80,6.5,27.2,0.83,5.4,2,4.9,39.7,43.9,13.3,13.5,12.1,2.5,39.9,45
Franz Wagner,ORL,72,5,26.2,0.93,4.6,1.8,3.8,46.5,48.7,13.4,13.6,12.8,3.1,45.4,70
Cole Anthony,ORL,81,4,32.7,0.83,3.3,1.2,3,41.8,43.1,11.6,15.3,9.7,1.6,41.3,44
Jalen Suggs,ORL,75,1.9,15.6,0.8,1.5,0.6,1.4,41.1,48.6,4.9,21.7,4.2,1.4,34.3,36.8
Markelle Fultz,ORL,43,2.3,25.1,0.8,1.8,0.9,1.9,47.5,47.5,4.1,15.3,4.1,1,40.8,35.8
Joe Ingles,ORL,68,1.2,27.1,0.56,0.7,0.3,0.7,36.2,40.4,6.1,37.8,3.7,1.2,25.6,8.8
Anthony Black,ORL,69,0.7,13.7,0.61,0.4,0.1,0.4,33.3,35,15.2,21.7,15.2,2.2,30.4,12.1
Gary Harris,ORL,54,0.2,3.5,1.5,0.3,0.1,0.2,66.7,88.9,8.3,16.7,0,0,58.3,99.7
Tyrese Maxey,PHI,70,8.4,35,1,8.4,3.2,7.1,44.4,51,9.7,8.8,9.2,3.2,44,87.9
Kelly Oubre Jr.,PHI,68,2.3,14.7,0.86,2,0.7,1.9,37.7,41.9,12.2,7.1,12.2,2.6,41,52.4
Patrick Beverley,PHI,47,2.4,35.5,0.95,2.3,0.8,1.8,46.4,48.2,14.2,15,12.4,3.5,45.1,73.6
De'Anthony Melton,PHI,38,2.4,21.1,1.1,2.7,0.9,1.9,46.5,57,14.1,12,13,3.3,46.7,95.8
Cameron Payne,PHI,31,3.5,35.7,0.87,3.1,1.2,3,39.4,47.3,3.7,11.9,3.7,1.8,35.8,56.4
Tobias Harris,PHI,70,1.8,11.2,0.72,1.3,0.6,1.6,36.3,36.7,3.9,7.1,3.9,0,36.2,23.5
Kyle Lowry,PHI,23,1.6,20.4,0.92,1.5,0.5,1.1,46.2,55.8,8.1,24.3,8.1,2.7,37.8,67.1
Joel Embiid,PHI,39,0.4,1.2,1.6,0.6,0.2,0.4,57.1,75,6.7,0,6.7,0,60,100
Buddy Hield,PHI,32,0.8,6.5,0.48,0.4,0.2,0.6,33.3,33.3,0,28,0,0,24,5.2
Jeff Dowtin Jr.,PHI,12,1.1,31,0.77,0.8,0.3,0.8,40,50,0,23.1,0,0,30.8,31.4
Devin Booker,PHX,67,7.6,30.9,1.06,8.1,2.8,5.8,48.1,54.5,13.8,11.8,12,2,48.5,92.8
Kevin Durant,PHX,74,3.8,15.5,1,3.8,1.5,2.9,51.4,56.1,9.2,16.9,8.1,1.4,46.5,86.6
Bradley Beal,PHX,53,4.2,24,1.02,4.3,1.7,3.2,53.5,57.4,9.9,16.2,9.5,2.7,47.7,88.3
Grayson Allen,PHX,74,0.7,6.6,1.19,0.9,0.3,0.5,62.9,78.6,13,25.9,13,3.7,50,97.7
Eric Gordon,PHX,67,1.2,11.4,0.79,1,0.4,1,45.3,46.9,3.7,18.5,3.7,1.2,38.3,34.9
Jordan Goodwin,PHX,39,1.1,18.1,0.95,1,0.4,0.9,50,52.9,7.3,12.2,7.3,2.4,43.9,75.6
Anfernee Simons,POR,46,8.9,39.9,0.92,8.2,3.1,7,43.5,50,8,14.4,7.3,1.2,40.9,68.1
Scoot Henderson,POR,62,7,39.8,0.86,6,2.4,5.2,45.1,49.7,7.3,19.9,5.9,1.4,39.4,52.1
Malcolm Brogdon,POR,39,5.8,37.2,0.8,4.6,1.7,4.8,34.9,39,9.7,9.3,8,1.3,37.2,38.8
Jerami Grant,POR,54,2.8,13.8,0.82,2.3,0.9,2.1,44.7,44.7,9.9,15.9,9.3,1.3,41.7,42.3
Dalano Banton,POR,30,5.1,27.2,0.79,4,1.4,3.8,36.5,40.9,12.5,14.5,11.2,2.6,36.8,34.5
Shaedon Sharpe,POR,32,5.3,30.6,0.68,3.6,1.3,4,33.6,38.7,5.8,19.3,5.3,0,31,18.6
Skylar Mays,POR,21,3.1,40.1,0.81,2.5,1,2.7,39.3,41.1,6.2,9.2,4.6,1.5,38.5,40.4
Ashton Hagans,POR,19,1.3,22,0.63,0.8,0.3,0.8,37.5,37.5,8.3,29.2,8.3,4.2,29.2,14
Kris Murray,POR,62,0.3,4.5,0.5,0.2,0.1,0.2,26.7,30,5,20,5,0,25,5.9
Rayan Rupert,POR,39,0.3,5.9,0.58,0.2,0.1,0.3,30,35,0,16.7,0,0,25,10.1
Jamaree Bouyea,POR,6,1.7,34.5,0.4,0.7,0.3,1.2,28.6,28.6,0,30,0,0,20,2.3
Matisse Thybulle,POR,65,0.2,3,0.36,0.1,0,0.1,33.3,33.3,9.1,36.4,0,0,18.2,1.6
De'Aaron Fox,SAC,73,8.2,31.7,0.97,7.9,3.1,6.5,47.7,52.4,9.2,12.6,7.9,1.8,45.4,78.2
Malik Monk,SAC,71,4.7,29.9,0.91,4.2,1.6,3.5,45.5,50.6,9.3,18.1,9,1.5,41.6,62.5
Davion Mitchell,SAC,72,1.1,21.4,0.96,1.1,0.5,0.9,53.8,56.2,7.3,15.9,4.9,2.4,46.3,77.9
Harrison Barnes,SAC,81,0.5,5,1.09,0.6,0.2,0.4,45.5,56.1,20.9,7,20.9,4.7,48.8,95.4
Keon Ellis,SAC,56,0.6,12,1.09,0.7,0.2,0.5,50,67.3,2.9,20.6,2.9,0,41.2,94.5
Domantas Sabonis,SAC,81,0.3,1.9,1.04,0.4,0.1,0.2,57.1,60.7,25,28.6,25,3.6,50,89.3
Keegan Murray,SAC,76,0.6,4.4,0.62,0.4,0.2,0.6,31,33.3,2.1,10.6,2.1,2.1,27.7,13.4
Kevin Huerter,SAC,63,0.6,5.9,0.49,0.3,0.1,0.4,29.2,35.4,2.7,35.1,2.7,2.7,18.9,5.5
Chris Duarte,SAC,59,0.4,9.9,0.68,0.3,0.1,0.3,25,34.4,16,20,12,0,32,18.9
Devin Vassell,SAS,68,4.6,25,0.93,4.3,1.7,3.8,45.7,49.8,6.8,12.3,6.1,2.3,42.6,70.7
Tre Jones,SAS,77,2.9,29.5,0.96,2.8,1.2,2.3,51.7,53.1,7.9,15.4,5.7,0.9,47.1,77.5
Keldon Johnson,SAS,69,2.7,17.5,0.94,2.5,1,2.1,46.5,50,11.4,14.6,9.7,2.7,44.3,71.7
Victor Wembanyama,SAS,71,2.5,10.9,0.76,1.9,0.6,1.7,35.8,48,5.2,24.1,4.6,0,29.9,29.6
Malaki Branham,SAS,75,2.1,20.6,0.71,1.5,0.6,1.6,38.5,40.6,3.9,18.2,2.6,1.3,33.1,21.8
Blake Wesley,SAS,61,1.1,22.5,0.8,0.9,0.3,0.6,45.7,45.7,26.1,27.5,24.6,4.3,42,36.5
Jeremy Sochan,SAS,74,1.3,10,0.54,0.7,0.3,0.9,30,31.4,5.1,24.5,5.1,1,25.5,7.8
Cedi Osman,SAS,72,0.6,9.8,0.82,0.5,0.2,0.4,45.2,48.4,9.1,20.5,6.8,0,40.9,41.3
Julian Champagnie,SAS,74,0.2,3,0.67,0.1,0,0.1,37.5,50,6.7,40,6.7,0,26.7,17.4
Dennis Schröder,TOR,51,5.1,36.7,0.92,4.6,1.9,4,46.8,48.8,8.9,14.3,7.7,1.5,44,65.8
Immanuel Quickley,TOR,38,5.6,30.4,0.86,4.8,1.6,4.4,36.1,44.3,10,12.8,9,1.4,37,53.1
Scottie Barnes,TOR,60,3.3,16.2,0.84,2.7,1.2,2.4,47.9,49.3,8.2,19.5,7.7,2.6,41,47.6
Gary Trent Jr.,TOR,71,1.7,13.1,0.87,1.5,0.6,1.5,40,44.1,3.3,6.6,2.5,0.8,38.8,54.7
Pascal Siakam,TOR,39,2.2,10.9,0.74,1.6,0.7,1.8,39.1,39.1,10.3,13.8,10.3,3.4,37.9,26.1
RJ Barrett,TOR,32,2.3,11.5,0.8,1.8,0.7,1.5,46.9,46.9,18.9,18.9,17.6,4.1,43.2,37.3
Jordan Nwora,TOR,34,1.4,17.1,0.89,1.2,0.5,1.1,47.2,52.8,8.5,19.1,8.5,4.3,40.4,60.3
Javon Freeman-Liberty,TOR,22,1.5,19.8,1,1.5,0.5,1.1,48,50,12.1,12.1,12.1,0,48.5,86.6
Malachi Flynn,TOR,31,1.6,28.7,0.65,1.1,0.4,1.2,32.4,37.8,7.8,21.6,5.9,2,27.5,16
Bruce Brown,TOR,34,1.7,17.5,0.42,0.7,0.3,1.3,23.3,23.3,8.5,20.3,6.8,1.7,23.7,3.3
Kelly Olynyk,TOR,28,0.6,4.6,0.75,0.4,0.1,0.2,60,60,18.8,50,12.5,0,37.5,28.3
Gradey Dick,TOR,60,0.4,5,0.46,0.2,0.1,0.3,21.1,23.7,7.7,19.2,7.7,0,23.1,4.2
OG Anunoby,TOR,27,1.3,9.4,0.33,0.4,0.1,0.9,16,20,2.8,27.8,2.8,0,13.9,1
Jalen McDaniels,TOR,50,0.3,5.5,0.69,0.2,0.1,0.2,40,40,7.7,15.4,7.7,0,38.5,20.8
Keyonte George,UTA,75,5.7,39.4,0.81,4.6,1.6,4.3,37.7,44.9,8.4,18.6,8.4,2.1,34.6,39.1
Collin Sexton,UTA,78,4.5,25.9,0.98,4.4,1.6,3.5,45.7,48.7,14.7,10.5,12.5,3.4,46.7,81.4
Jordan Clarkson,UTA,55,4.8,25.5,0.79,3.8,1.4,3.7,38.5,41.7,8.7,15.5,7.2,1.5,36.6,34.2
Talen Horton-Tucker,UTA,51,3.4,30.1,0.83,2.8,1.1,2.8,39.4,44,8,12.1,8,1.7,37.9,43.6
Kris Dunn,UTA,66,1.2,19.7,0.69,0.8,0.4,0.9,40,42.5,5,21.3,3.8,1.3,33.8,20.2
Brice Sensabaugh,UTA,32,1.8,20.8,0.85,1.6,0.6,1.6,39.2,44.1,5.1,10.2,5.1,1.7,37.3,49.2
Kelly Olynyk,UTA,50,0.3,3.4,0.92,0.2,0.1,0.2,33.3,33.3,23.1,7.7,15.4,0,46.2,68.4
John Collins,UTA,68,0.2,1.5,0.79,0.2,0.1,0.2,45.5,50,7.1,14.3,0,0,35.7,33.7
Lauri Markkanen,UTA,55,0.3,1.4,0.47,0.1,0.1,0.3,21.4,25,0,6.7,0,0,20,4.6
Simone Fontecchio,UTA,50,0.2,2.4,0.5,0.1,0,0.2,22.2,27.8,0,10,0,0,20,5.9
Jordan Poole,WAS,78,5.9,31.7,0.79,4.7,1.7,4.9,35.7,41.6,6.3,12.6,6.1,1.3,34.4,33.7
Tyus Jones,WAS,66,4.4,39.4,1,4.4,2,4,50.4,53.6,3.1,8.9,3.1,1.4,46.8,83.7
Kyle Kuzma,WAS,70,4,17.7,0.8,3.2,1.3,3.2,40.9,43.3,8.1,14.5,7.4,2.1,38.5,37.8
Deni Avdija,WAS,75,2.3,15.9,0.81,1.8,0.7,1.5,46.5,51.3,11.8,24.1,9.4,2.9,38.2,39.7
Jared Butler,WAS,40,2.4,36.3,0.78,1.9,0.9,1.7,50,52.9,4.1,26.8,4.1,1,37.1,33.2
Corey Kispert,WAS,80,0.9,7.2,0.99,0.9,0.3,0.7,45.6,50,10.1,10.1,8.7,2.9,44.9,82.4
Delon Wright,WAS,33,1.7,39,0.74,1.3,0.4,1.5,29.2,29.2,15.8,3.5,12.3,3.5,36.8,26.4
Bilal Coulibaly,WAS,63,0.9,9.7,0.61,0.5,0.2,0.7,29.3,32.9,12.5,16.1,10.7,1.8,28.6,11.7
Landry Shamet,WAS,46,0.7,9.7,1,0.7,0.2,0.5,33.3,43.8,19.4,6.5,16.1,3.2,41.9,86.6
Johnny Davis,WAS,50,0.3,7.8,0.21,0.1,0,0.2,10,15,14.3,14.3,7.1,0,7.1,0.7
Deni Avdija,WAS,76,1.6,15.4,0.7,1.1,0.4,1,40.8,44.1,12.6,27.7,12.6,4.2,32.8,19.4
Kendrick Nunn,WAS,31,2.7,34.6,0.95,2.5,1.1,2.2,51.5,58.1,0,18.1,0,0,42.2,69.8
Will Barton,WAS,41,2.2,26.3,0.74,1.7,0.7,1.9,37.2,41.7,2.2,13,1.1,0,33.7,27.1
Corey Kispert,WAS,74,0.4,4.3,1.1,0.4,0.2,0.3,52,64,0,13.8,0,0,44.8,92.6
Johnny Davis,WAS,28,1.1,15.1,0.83,0.9,0.4,0.9,40,44,13.3,6.7,13.3,3.3,40,40.9
Rui Hachimura,WAS,30,0.9,6.8,0.85,0.7,0.3,0.6,50,50,7.7,23.1,7.7,0,42.3,45.1
Kristaps Porziņģis,WAS,65,0.2,1,1.23,0.2,0.1,0.2,58.3,62.5,7.7,0,7.7,0,61.5,98.5
Quenton Jackson,WAS,9,1.2,19.6,1.18,1.4,0.7,1,66.7,66.7,18.2,9.1,9.1,9.1,54.5,97.5