Season,Team,Returning_Minutes_Pct,Star_Weighted_Continuity,New_Players_Count,Total_Prev_Minutes
2015-16,Atlanta Hawks,82.17,82.5,7,13939.0
2015-16,Boston Celtics,81.6,81.65,9,13745.0
2015-16,Brooklyn Nets,17.08,17.22,14,12298.0
2015-16,Charlotte Hornets,71.75,72.41,9,12851.0
2015-16,Chicago Bulls,100.0,100.0,6,15842.0
2015-16,Cleveland Cavaliers,85.84,87.44,9,12369.0
2015-16,Dallas Mavericks,49.74,50.38,10,15110.0
2015-16,Denver Nuggets,42.33,42.16,9,13237.0
2015-16,Detroit Pistons,67.42,66.51,9,10994.0
2015-16,Golden State Warriors,93.27,93.96,8,14504.0
2015-16,Houston Rockets,94.02,94.51,8,14282.0
2015-16,Indiana Pacers,59.13,58.91,9,12174.0
2015-16,Los Angeles Clippers,80.02,81.59,9,15177.0
2015-16,Los Angeles Lakers,36.07,36.06,12,10210.0
2015-16,Memphis Grizzlies,66.09,68.18,10,13411.0
2015-16,Miami Heat,69.54,70.54,6,11489.0
2015-16,Milwaukee Bucks,51.59,52.62,12,11916.0
2015-16,Minnesota Timberwolves,92.43,92.62,10,4940.0
2015-16,New Orleans Pelicans,98.06,98.2,9,13339.0
2015-16,New York Knicks,44.07,44.8,12,9428.0
2015-16,Oklahoma City Thunder,94.69,95.05,7,11928.0
2015-16,Orlando Magic,63.06,63.64,8,13707.0
2015-16,Philadelphia 76ers,78.19,78.52,11,6602.0
2015-16,Phoenix Suns,51.74,52.85,11,12952.0
2015-16,Portland Trail Blazers,36.67,36.81,11,14442.0
2015-16,Sacramento Kings,69.37,71.3,11,8632.0
2015-16,San Antonio Spurs,81.56,82.31,8,13418.0
2015-16,Toronto Raptors,66.73,67.26,10,15189.0
2015-16,Utah Jazz,96.39,96.67,9,11782.0
2015-16,Washington Wizards,77.55,77.98,8,14516.0
2016-17,Atlanta Hawks,55.95,56.06,10,16542.0
2016-17,Boston Celtics,74.69,75.44,9,16536.0
2016-17,Brooklyn Nets,34.61,35.6,12,8875.0
2016-17,Charlotte Hornets,79.75,80.62,8,15524.0
2016-17,Chicago Bulls,42.24,42.89,10,10514.0
2016-17,Cleveland Cavaliers,87.62,88.42,7,15077.0
2016-17,Dallas Mavericks,52.62,53.13,12,13836.0
2016-17,Denver Nuggets,95.45,95.65,8,12014.0
2016-17,Detroit Pistons,89.61,90.03,9,13834.0
2016-17,Golden State Warriors,72.83,75.36,10,15689.0
2016-17,Houston Rockets,78.9,79.36,7,12524.0
2016-17,Indiana Pacers,62.35,62.51,10,13828.0
2016-17,Los Angeles Clippers,90.9,91.56,10,10947.0
2016-17,Los Angeles Lakers,28.5,28.36,11,8254.0
2016-17,Memphis Grizzlies,81.81,82.08,8,12041.0
2016-17,Miami Heat,50.42,50.07,10,14507.0
2016-17,Milwaukee Bucks,75.97,77.54,11,11780.0
2016-17,Minnesota Timberwolves,93.97,94.19,8,12411.0
2016-17,New Orleans Pelicans,40.71,42.95,11,9813.0
2016-17,New York Knicks,40.9,42.76,11,13058.0
2016-17,Oklahoma City Thunder,58.35,58.29,7,13869.0
2016-17,Orlando Magic,65.61,65.99,12,13125.0
2016-17,Philadelphia 76ers,45.87,46.52,12,9181.0
2016-17,Phoenix Suns,51.53,51.96,12,11307.0
2016-17,Portland Trail Blazers,75.49,76.2,8,14489.0
2016-17,Sacramento Kings,49.84,48.94,9,15031.0
2016-17,San Antonio Spurs,73.59,74.57,11,13058.0
2016-17,Toronto Raptors,77.24,78.34,8,15619.0
2016-17,Utah Jazz,88.65,89.0,8,14379.0
2016-17,Washington Wizards,56.99,58.68,10,15834.0
2017-18,Atlanta Hawks,38.76,37.78,15,14666.0
2017-18,Boston Celtics,31.68,31.43,16,14494.0
2017-18,Brooklyn Nets,52.59,52.23,11,9916.0
2017-18,Charlotte Hornets,100.0,100.0,8,15011.0
2017-18,Chicago Bulls,32.6,30.84,12,13308.0
2017-18,Cleveland Cavaliers,64.99,65.78,9,12620.0
2017-18,Dallas Mavericks,75.75,75.48,13,12847.0
2017-18,Denver Nuggets,68.3,68.63,11,13204.0
2017-18,Detroit Pistons,56.52,56.94,10,13681.0
2017-18,Golden State Warriors,100.0,100.0,9,14687.0
2017-18,Houston Rockets,80.52,81.26,12,16030.0
2017-18,Indiana Pacers,41.95,41.21,15,13609.0
2017-18,Los Angeles Clippers,26.15,26.79,12,12925.0
2017-18,Los Angeles Lakers,34.54,34.0,15,10475.0
2017-18,Memphis Grizzlies,52.2,54.45,17,13264.0
2017-18,Miami Heat,93.02,93.28,9,14764.0
2017-18,Milwaukee Bucks,85.2,85.35,9,12317.0
2017-18,Minnesota Timberwolves,72.69,72.71,8,15444.0
2017-18,New Orleans Pelicans,71.18,73.62,11,7782.0
2017-18,New York Knicks,54.08,54.14,12,12699.0
2017-18,Oklahoma City Thunder,70.05,72.08,10,12536.0
2017-18,Orlando Magic,75.18,74.95,13,11290.0
2017-18,Philadelphia 76ers,75.84,76.75,12,8216.0
2017-18,Phoenix Suns,76.08,74.3,11,9410.0
2017-18,Portland Trail Blazers,99.34,99.39,7,12052.0
2017-18,Sacramento Kings,51.68,51.12,9,10023.0
2017-18,San Antonio Spurs,79.69,80.73,11,13824.0
2017-18,Toronto Raptors,63.12,64.6,10,14870.0
2017-18,Utah Jazz,42.68,43.8,15,13830.0
2017-18,Washington Wizards,97.93,98.14,8,13898.0
2018-19,Atlanta Hawks,66.19,66.01,14,11452.0
2018-19,Boston Celtics,100.0,100.0,8,14906.0
2018-19,Brooklyn Nets,99.76,99.77,10,13916.0
2018-19,Charlotte Hornets,78.96,78.86,10,15673.0
2018-19,Chicago Bulls,33.68,33.74,12,12472.0
2018-19,Cleveland Cavaliers,32.96,31.18,11,10951.0
2018-19,Dallas Mavericks,50.22,51.19,7,14157.0
2018-19,Denver Nuggets,100.0,100.0,10,13993.0
2018-19,Detroit Pistons,61.02,61.78,10,11033.0
2018-19,Golden State Warriors,87.38,88.12,11,12794.0
2018-19,Houston Rockets,74.71,76.48,9,15790.0
2018-19,Indiana Pacers,100.0,100.0,8,15499.0
2018-19,Los Angeles Clippers,43.92,44.34,9,11128.0
2018-19,Los Angeles Lakers,72.09,72.04,11,14064.0
2018-19,Memphis Grizzlies,7.34,7.01,13,7713.0
2018-19,Miami Heat,72.56,72.99,8,14916.0
2018-19,Milwaukee Bucks,97.37,97.65,10,9464.0
2018-19,Minnesota Timberwolves,77.8,77.5,10,15940.0
2018-19,New Orleans Pelicans,62.53,64.47,9,10270.0
2018-19,New York Knicks,3.33,3.17,12,9804.0
2018-19,Oklahoma City Thunder,72.73,74.43,11,13666.0
2018-19,Orlando Magic,78.85,79.52,10,9850.0
2018-19,Philadelphia 76ers,59.42,59.85,8,13772.0
2018-19,Phoenix Suns,41.94,42.1,12,9553.0
2018-19,Portland Trail Blazers,78.95,80.17,7,14277.0
2018-19,Sacramento Kings,72.03,72.49,8,10599.0
2018-19,San Antonio Spurs,43.7,44.27,12,13381.0
2018-19,Toronto Raptors,51.34,51.49,10,15197.0
2018-19,Utah Jazz,100.0,100.0,8,13056.0
2018-19,Washington Wizards,41.7,42.1,10,14462.0
2019-20,Atlanta Hawks,53.58,53.39,12,8085.0
2019-20,Boston Celtics,60.97,59.86,12,15317.0
2019-20,Brooklyn Nets,52.82,52.45,17,13946.0
2019-20,Charlotte Hornets,36.57,35.09,11,14473.0
2019-20,Chicago Bulls,93.79,93.94,12,8178.0
2019-20,Cleveland Cavaliers,70.26,70.93,11,6651.0
2019-20,Dallas Mavericks,85.51,86.16,10,10142.0
2019-20,Denver Nuggets,76.32,77.99,8,13820.0
2019-20,Detroit Pistons,38.92,39.41,12,11221.0
2019-20,Golden State Warriors,39.71,39.94,11,14798.0
2019-20,Houston Rockets,81.07,81.54,11,12701.0
2019-20,Indiana Pacers,34.62,35.24,14,14743.0
2019-20,Los Angeles Clippers,56.09,56.64,11,11489.0
2019-20,Los Angeles Lakers,84.26,84.86,11,10073.0
2019-20,Memphis Grizzlies,33.85,32.37,12,8259.0
2019-20,Miami Heat,59.4,58.73,12,13179.0
2019-20,Milwaukee Bucks,83.96,84.91,10,12632.0
2019-20,Minnesota Timberwolves,37.0,39.11,6,11627.0
2019-20,New Orleans Pelicans,40.85,40.53,14,10811.0
2019-20,New York Knicks,50.82,50.56,12,7741.0
2019-20,Oklahoma City Thunder,40.02,37.52,15,15088.0
2019-20,Orlando Magic,99.89,99.9,10,14770.0
2019-20,Philadelphia 76ers,59.74,61.91,10,9710.0
2019-20,Phoenix Suns,65.17,65.43,14,10499.0
2019-20,Portland Trail Blazers,48.88,51.78,11,14704.0
2019-20,Sacramento Kings,73.64,73.61,11,12081.0
2019-20,San Antonio Spurs,89.83,90.24,10,16051.0
2019-20,Toronto Raptors,69.76,68.79,11,14076.0
2019-20,Utah Jazz,53.39,55.04,14,14503.0
2019-20,Washington Wizards,53.63,55.67,15,8466.0
2020-21,Atlanta Hawks,73.76,75.24,13,5305.0
2020-21,Boston Celtics,65.79,66.51,9,12537.0
2020-21,Brooklyn Nets,54.36,54.45,14,11054.0
2020-21,Charlotte Hornets,95.66,95.72,9,8633.0
2020-21,Chicago Bulls,47.81,48.56,10,7482.0
2020-21,Cleveland Cavaliers,62.9,63.92,12,5288.0
2020-21,Dallas Mavericks,77.8,78.59,9,14169.0
2020-21,Denver Nuggets,77.79,78.86,8,12772.0
2020-21,Detroit Pistons,0.0,0.0,13,7373.0
2020-21,Golden State Warriors,98.12,98.18,10,4475.0
2020-21,Houston Rockets,15.56,14.91,15,12295.0
2020-21,Indiana Pacers,100.0,100.0,10,13668.0
2020-21,Los Angeles Clippers,54.47,56.66,11,10896.0
2020-21,Los Angeles Lakers,64.2,66.22,10,11516.0
2020-21,Memphis Grizzlies,100.0,100.0,9,10751.0
2020-21,Miami Heat,77.6,78.59,9,11940.0
2020-21,Milwaukee Bucks,64.72,66.57,10,12902.0
2020-21,Minnesota Timberwolves,92.36,92.51,9,6476.0
2020-21,New Orleans Pelicans,52.08,51.65,12,11285.0
2020-21,New York Knicks,86.97,87.52,9,7413.0
2020-21,Oklahoma City Thunder,25.14,24.78,15,11935.0
2020-21,Orlando Magic,44.18,42.54,11,12667.0
2020-21,Philadelphia 76ers,67.8,68.78,13,12517.0
2020-21,Phoenix Suns,63.99,63.65,10,13560.0
2020-21,Portland Trail Blazers,55.13,56.25,11,9583.0
2020-21,Sacramento Kings,57.69,57.59,10,13129.0
2020-21,San Antonio Spurs,86.32,86.22,8,12822.0
2020-21,Toronto Raptors,70.57,71.6,10,12783.0
2020-21,Utah Jazz,95.24,95.42,9,13915.0
2020-21,Washington Wizards,89.06,89.36,9,9035.0
2021-22,Atlanta Hawks,100.0,100.0,11,11471.0
2021-22,Boston Celtics,69.35,70.28,11,9885.0
2021-22,Brooklyn Nets,68.85,70.15,9,10499.0
2021-22,Charlotte Hornets,77.43,77.15,10,11925.0
2021-22,Chicago Bulls,26.28,27.27,16,7930.0
2021-22,Cleveland Cavaliers,77.22,76.99,15,5760.0
2021-22,Dallas Mavericks,68.7,69.74,13,12854.0
2021-22,Denver Nuggets,77.45,78.0,11,12711.0
2021-22,Detroit Pistons,65.89,65.71,17,8378.0
2021-22,Golden State Warriors,88.12,88.81,9,11218.0
2021-22,Houston Rockets,73.15,73.53,9,6612.0
2021-22,Indiana Pacers,54.73,55.07,9,11440.0
2021-22,Los Angeles Clippers,69.39,68.51,8,11632.0
2021-22,Los Angeles Lakers,34.02,35.34,15,11669.0
2021-22,Memphis Grizzlies,72.78,72.46,16,11074.0
2021-22,Miami Heat,62.43,64.67,13,10193.0
2021-22,Milwaukee Bucks,84.36,84.78,8,13085.0
2021-22,Minnesota Timberwolves,78.41,78.69,10,9594.0
2021-22,New Orleans Pelicans,30.63,30.43,11,12741.0
2021-22,New York Knicks,77.89,78.51,14,10914.0
2021-22,Oklahoma City Thunder,54.26,54.33,21,4344.0
2021-22,Orlando Magic,39.69,40.12,16,2555.0
2021-22,Philadelphia 76ers,62.62,63.23,9,12604.0
2021-22,Phoenix Suns,100.0,100.0,11,13811.0
2021-22,Portland Trail Blazers,29.74,31.71,13,11024.0
2021-22,Sacramento Kings,50.71,51.63,11,11842.0
2021-22,San Antonio Spurs,51.56,51.51,12,11543.0
2021-22,Toronto Raptors,80.62,80.93,13,9320.0
2021-22,Utah Jazz,92.9,93.23,9,14637.0
2021-22,Washington Wizards,39.79,40.18,13,10150.0
2022-23,Atlanta Hawks,63.39,65.2,10,14509.0
2022-23,Boston Celtics,99.99,99.99,9,13934.0
2022-23,Brooklyn Nets,20.53,19.53,10,8708.0
2022-23,Charlotte Hornets,72.29,71.88,10,16707.0
2022-23,Chicago Bulls,89.7,89.97,9,11791.0
2022-23,Cleveland Cavaliers,74.77,74.7,10,14044.0
2022-23,Dallas Mavericks,62.64,62.77,12,13882.0
2022-23,Denver Nuggets,49.88,52.78,10,13788.0
2022-23,Detroit Pistons,33.23,32.65,14,4971.0
2022-23,Golden State Warriors,72.31,72.73,11,13669.0
2022-23,Houston Rockets,47.4,46.84,10,8534.0
2022-23,Indiana Pacers,67.46,67.34,11,5949.0
2022-23,Los Angeles Clippers,60.36,60.58,9,11341.0
2022-23,Los Angeles Lakers,37.27,40.33,9,9358.0
2022-23,Memphis Grizzlies,77.91,78.5,11,14216.0
2022-23,Miami Heat,85.41,85.78,9,13578.0
2022-23,Milwaukee Bucks,90.58,91.46,11,13332.0
2022-23,Minnesota Timberwolves,59.66,60.18,10,13467.0
2022-23,New Orleans Pelicans,81.19,81.7,9,11720.0
2022-23,New York Knicks,76.13,75.9,7,13684.0
2022-23,Oklahoma City Thunder,78.18,78.34,10,8157.0
2022-23,Orlando Magic,82.51,82.64,10,11404.0
2022-23,Philadelphia 76ers,70.87,72.75,11,11004.0
2022-23,Phoenix Suns,49.45,50.26,8,15117.0
2022-23,Portland Trail Blazers,75.68,76.37,15,5703.0
2022-23,Sacramento Kings,99.87,99.87,12,8310.0
2022-23,San Antonio Spurs,54.23,52.09,14,11025.0
2022-23,Toronto Raptors,99.63,99.65,10,14568.0
2022-23,Utah Jazz,20.75,19.81,15,15322.0
2022-23,Washington Wizards,73.0,73.58,14,10321.0
2023-24,Atlanta Hawks,84.4,85.04,10,13658.0
2023-24,Boston Celtics,64.99,66.34,10,16414.0
2023-24,Brooklyn Nets,43.38,45.6,12,9055.0
2023-24,Charlotte Hornets,30.39,30.61,12,10900.0
2023-24,Chicago Bulls,93.03,93.47,12,13276.0
2023-24,Cleveland Cavaliers,89.79,90.56,11,15261.0
2023-24,Dallas Mavericks,68.83,70.46,13,8718.0
2023-24,Denver Nuggets,82.26,83.58,11,13222.0
2023-24,Detroit Pistons,46.44,46.07,11,7506.0
2023-24,Golden State Warriors,77.39,78.43,13,12488.0
2023-24,Houston Rockets,47.4,47.77,13,10097.0
2023-24,Indiana Pacers,70.47,71.27,11,8963.0
2023-24,Los Angeles Clippers,79.23,79.83,10,11979.0
2023-24,Los Angeles Lakers,53.6,56.74,13,10636.0
2023-24,Memphis Grizzlies,66.25,67.57,17,12601.0
2023-24,Miami Heat,75.54,76.86,12,12431.0
2023-24,Milwaukee Bucks,55.22,56.46,11,13321.0
2023-24,Minnesota Timberwolves,100.0,100.0,8,11910.0
2023-24,New Orleans Pelicans,100.0,100.0,11,14201.0
2023-24,New York Knicks,62.25,63.21,8,14608.0
2023-24,Oklahoma City Thunder,100.0,100.0,7,13377.0
2023-24,Orlando Magic,88.24,88.63,11,12797.0
2023-24,Philadelphia 76ers,81.06,80.19,10,11894.0
2023-24,Phoenix Suns,26.81,27.53,11,11878.0
2023-24,Portland Trail Blazers,44.46,42.79,16,9935.0
2023-24,Sacramento Kings,95.71,95.97,12,16073.0
2023-24,San Antonio Spurs,79.79,79.9,11,9503.0
2023-24,Toronto Raptors,43.56,42.33,13,14840.0
2023-24,Utah Jazz,71.63,72.61,10,8249.0
2023-24,Washington Wizards,0.0,0.0,16,9520.0
2024-25,Atlanta Hawks,49.81,50.01,9,14438.0
2024-25,Boston Celtics,100.0,100.0,8,16628.0
2024-25,Brooklyn Nets,62.37,62.45,11,11353.0
2024-25,Charlotte Hornets,44.3,45.87,17,2752.0
2024-25,Chicago Bulls,45.2,44.33,14,13654.0
2024-25,Cleveland Cavaliers,86.2,86.52,8,14191.0
2024-25,Dallas Mavericks,55.72,53.27,10,10021.0
2024-25,Denver Nuggets,79.7,81.48,12,12367.0
2024-25,Detroit Pistons,87.04,87.37,14,6243.0
2024-25,Golden State Warriors,62.54,63.44,12,13117.0
2024-25,Houston Rockets,99.4,99.43,10,12578.0
2024-25,Indiana Pacers,90.26,90.55,13,11176.0
2024-25,Los Angeles Clippers,64.29,64.92,8,13353.0
2024-25,Los Angeles Lakers,53.06,52.27,10,13115.0
2024-25,Memphis Grizzlies,100.0,100.0,9,8773.0
2024-25,Miami Heat,84.38,83.22,9,13069.0
2024-25,Milwaukee Bucks,75.61,77.15,9,15679.0
2024-25,Minnesota Timberwolves,68.34,69.39,13,14006.0
2024-25,New Orleans Pelicans,69.96,70.47,12,14979.0
2024-25,New York Knicks,55.97,56.27,13,13453.0
2024-25,Oklahoma City Thunder,85.9,86.58,11,14263.0
2024-25,Orlando Magic,100.0,100.0,9,13670.0
2024-25,Philadelphia 76ers,51.08,52.23,16,11726.0
2024-25,Phoenix Suns,70.36,71.31,10,14194.0
2024-25,Portland Trail Blazers,81.25,81.06,12,7663.0
2024-25,Sacramento Kings,54.28,55.22,12,15412.0
2024-25,San Antonio Spurs,74.99,75.54,10,8706.0
2024-25,Toronto Raptors,87.29,88.0,12,4759.0
2024-25,Utah Jazz,76.24,77.13,11,9804.0
2024-25,Washington Wizards,6.82,6.68,11,5691.0
2025-26,Atlanta Hawks,86.32,86.9,10,11983.0
2025-26,Boston Celtics,61.11,62.72,11,15753.0
2025-26,Brooklyn Nets,67.49,67.04,12,7573.0
2025-26,Charlotte Hornets,68.15,68.17,12,7712.0
2025-26,Chicago Bulls,63.74,63.44,14,8713.0
2025-26,Cleveland Cavaliers,90.28,90.47,7,14314.0
2025-26,Dallas Mavericks,75.67,75.84,11,12205.0
2025-26,Denver Nuggets,50.77,48.82,10,16143.0
2025-26,Detroit Pistons,81.37,81.73,10,12278.0
2025-26,Golden State Warriors,83.45,83.85,10,12499.0
2025-26,Houston Rockets,46.18,47.08,12,14185.0
2025-26,Indiana Pacers,83.43,83.48,12,13140.0
2025-26,Los Angeles Clippers,72.33,73.56,8,13846.0
2025-26,Los Angeles Lakers,95.03,95.33,9,10916.0
2025-26,Memphis Grizzlies,45.88,45.15,9,12645.0
2025-26,Miami Heat,67.97,69.57,8,10574.0
2025-26,Milwaukee Bucks,47.47,48.27,11,12666.0
2025-26,Minnesota Timberwolves,88.31,88.95,9,17734.0
2025-26,New Orleans Pelicans,41.47,41.89,13,7800.0
2025-26,New York Knicks,93.37,93.73,8,16430.0
2025-26,Oklahoma City Thunder,100.0,100.0,10,12747.0
2025-26,Orlando Magic,71.99,72.9,8,10683.0
2025-26,Philadelphia 76ers,82.56,82.99,11,6393.0
2025-26,Phoenix Suns,47.14,47.19,13,14078.0
2025-26,Portland Trail Blazers,56.08,56.72,13,11314.0
2025-26,Sacramento Kings,89.36,89.77,12,13215.0
2025-26,San Antonio Spurs,72.75,72.41,10,12291.0
2025-26,Toronto Raptors,65.45,65.92,12,8329.0
2025-26,Utah Jazz,70.47,70.71,11,7388.0
2025-26,Washington Wizards,40.19,40.12,14,5598.0
